user_id,location,language,account_created,follower_count
user_lv0eohsw,Singapore,de,04-07-2023,25133
user_wyeb78qv,"Dubai, UAE",pt,2023-09-02,24634
user_permtl48,"  Cairo, Egypt  ",hi,2023-03-17,23881
user_qaysndm3,"Sydney, Australia",ar,2023-01-31,39448
user_v3gdku2a,"Melbourne, Australia",zh,14-Apr-2023,39286
user_njyhr041,"Manchester, UK",fr,2023-03-06,38346
user_kxujr0gz,"Los Angeles, USA",pt,2023-02-04,34963
user_7ai9sd8e,"Munich, Germany",fr,2023-05-20,8361
user_ijzzygde,"Johannesburg, South Africa",ar,2023-03-03,7394
user_azysdwyx,"Milan, Italy",es,2023-06-30,28547
user_rd4m435g,"Mumbai, India",en,2023-05-09,41448
user_rmzhp5so,SINGAPORE,ru,2023-12-06,22119
user_q2stxtlj,"Mexico City, Mexico",zh,2023-12-30,44195
user_3v5bmc1w,"Johannesburg, South Africa",ar,2023-11-22,45585
user_y5l4u31p,"Rio de Janeiro, Brazil",en,29/08/2023,44106
user_jyq7ygu9,"Delhi, India",pt,2023-03-02,9216
user_2bd09win,"Rome, Italy",en,10/08/2023,11965
user_pnb7ohhm,,ru,2023-01-16,23748
user_xe1x9bhy,Singapore,ru,26-Feb-2023,36140
user_4osioctr,"Barcelona, Spain",ja,27/05/2023,4284
user_df1ei5h3,Singapore,de,11-03-2023,13742
user_eskzkba8,"Toronto, Canada",de,09-15-2023,
user_gtz1vf91,"Barcelona, Spain",ja,2023-07-28,27386
user_xqqs2vme,"Sydney, Australia",de,2023-05-11,24857
user_t3vc5gvq,"Berlin, Germany",pt,06-11-2023,49312
user_2rs485d7,"Sydney, Australia",hi,07-15-2023,37090
user_x3ozm1i6,"Lagos, Nigeria",RU,2023-08-02,39598
user_wb863i99,"Dubai, UAE",fr,2023-01-23,36734
user_ljik1yxy,"Johannesburg, South Africa",de,25/03/2023,33695
user_7rdiojrn,"Mumbai, India",ja,2023-12-17,40870
user_yrth0u5v,"Milan, Italy",hi,2023-08-21,6499
user_z3z18l5y,"Johannesburg, South Africa",fr,2023-04-11,46150
user_n6p8x5xw,"Vancouver, Canada",pt,2023-05-16,20355
user_cju18iix,"Shanghai, China",ja,2023-02-08,20584
user_37efz59m,Singapore,pt,2023-09-02,-43780.0
user_b86ckvf0,"MILAN, ITALY",ja,2023-11-07,2730
user_kdpzdt3l,,ar,2023-10-03,8661
user_frcablkw,"Chicago, USA",hi,12-Aug-2023,21147
user_32g9y8pw,"Beijing, China",,18/08/2023,1876
user_l0mgj0v7,"Barcelona, Spain",ja,2023-10-16,35851
user_v7kjzia8,"Shanghai, China",de,08-09-2023,36584
user_xm374vm6,"Lyon, France",de,2023-05-27,15594
user_m5dvw4i8,"barcelona, spain",fr,09-30-2023,-2038.0
user_5cycq2el,"Berlin, Germany",hi,2023-07-26,37223
user_d1fuzi94,"Cairo, Egypt",ja,27/01/2023,36438
user_nkptgzfk,"Paris, France",ja,2023-09-09,38786
user_edi9lmxp,"Madrid, Spain",de,2023-10-04,22782
user_kk1qdsq3,"New York, USA",ru,27-Dec-2023,32189
user_q3u3lr0c,"Osaka, Japan",de,11-02-2023,14862
user_30jx467t,"Rio de Janeiro, Brazil",zh,2023-03-16,26128
user_bxh59css,"Rome, Italy",en,2023-10-22,34876
user_q3vs0uj7,"Manchester, UK",jaa,2023-01-12,32714
user_kbdvf8d6,"Tokyo, Japan",es,2023-01-14,4645
user_pr7bcf45,"Chicago, USA",fr,2023-08-05,30128
user_dotzarnx,"Munich, Germany",de,2023-11-09,8257
user_wr37s6cm,"Los Angeles, USA",ja,02/05/2023,40667
user_x2l3g4q0,"Los Angeles, USA",ja,2023-06-20,46088
user_k323dctm,"Barcelona, Spain",ar,24/07/2023,13404
user_rzirln2k,"Sydney, Australia",ru,2023-03-30,47343
user_hdwsy3nf,"Vancouver, Canada",fr,2023-03-28,10597
user_ywvdig0e,"Barcelona, Spain", zh ,2023-06-19,3061
user_bgppnqks,"Tokyo, Japan",en,12-07-2023,15171
user_g62nc9bm,"OSAKA, JAPAN",,05-18-2023,29261
user_7ynl9cyw,"London, UK",,07-Apr-2023,24437
user_wcqtxwgr,"LOS ANGELES, USA",en,06-25-2023,10281
user_668nidxi,"São Paulo, Brazil",pt,07-24-2023,17277
user_2pjp6tpj,"São Paulo, Brazil",de,2023-03-30,44592
user_n020jpbl,"Rome, Italy",en,08/09/2023,14263
user_evp5iscs,"Shanghai, China",es,2023-11-27,20700
user_ixw57ddo,"Chicago, USA",de,2023-08-14,49484
user_cwgik1z6,"Chicago, USA",ja,2023-11-22,36868
user_hdl625jh,"Vancouver, Canada",PT,2023-03-10,33417
user_g634p4h2,"Cairo, Egypt",ru,2023-04-15,25978
user_aedwfomw,"São Paulo, Brazil",ar,2023-04-28,11678
user_x9480750,"Cairo, Egypt",ru,2023-11-26,27437
user_nz4b01j0,"Munich, Germany",ru,2023-07-07,19419
user_7qv6le3v,"Barcelona, Spain",hi,2023-12-21,48814
user_ctdjnqvi,"Dubai, UAE",hii,2023-02-16,34193
user_bq4d19qm,"Shanghai, China",hi,03-04-2023,10193
user_aoke8xi4,"Chicago, USA",de,2023-09-09,34362
user_5t7flftu,"Beijing, China",ru,2023-09-06,24133
user_as209gf7,"Rio de Janeiro, Brazil",ja,08-27-2023,46583
user_qdztdeac,"MELBOURNE, AUSTRALIA",zh,2023-08-27,14266
user_y0232w01,"Johannesburg, South Africa",fr,2023-04-01,
user_xg8l4fvi,"Rio de Janeiro, Brazil",HI,2023-06-13,18949
user_r7o639pp,"Johannesburg, South Africa",pt,2023-06-04,36970
user_jxoe2fqh,"Shanghai, China",de,2023-06-17,3525
user_tndo3hfx,"Berlin, Germany",de,2023-05-31,43803
user_qpyuqb17,"Madrid, Spain",es,2023-02-15,3564
user_wjb4dk42,"Sydney, Australia",de,2023-05-24,35720
user_mxyu76aq,"Lyon, France",es,2023-03-28,48750
user_xgtlx302,"Lagos, Nigeria", ru ,20-Jul-2023,42854
user_l20ptiu5,"Melbourne, Australia",es,2023-11-19,31276
user_e33tyryb,"Berlin, Germany", hi ,2023-02-16,40671
user_siav2csw,"Tokyo, Japan",zh,2023-06-16,36855
user_1ol09hyk,"SYDNEY, AUSTRALIA",ru,2023-10-11,42907
user_6kjv32kv,"Los Angeles, USA",de,2023-01-30,15858
user_n59vpv83,"New York, USA",hi,21-Oct-2023,32421
user_7apw5kiv,"Melbourne, Australia",ru,16/01/2023,17878
user_a3lly7yh,"Sydney, Australia",ar,2023-09-11,41868
user_8rtb88jl,"Mexico City, Mexico",ru,07-23-2023,15053
user_sp9dve47,"Chicago, USA",es,2023-08-06,5574
user_vebae5wn,"Melbourne, Australia",JA,2023-11-08,26919
user_7jzfhdtm,"Delhi, India",zh,22/09/2023,44500
user_i1cf6it0,"Los Angeles, USA",ru,08-28-2023,15096
user_emlc2ijs,"Mumbai, India",zh,15/07/2023,42097
user_1txxsoau,"Dubai, UAE",ru,2023-05-01,17465
user_8css3app,"CHICAGO, USA",en,2023-01-27,24506
user_nq5irbxf,"Houston, USA",zh,2023-04-20,17046
user_nha6qskx,"Osaka, Japan",de,07/11/2023,38177
user_44damk88,Singapore,zh,09-14-2023,16377
user_813rh2sb,"mexico city, mexico",de,04-18-2023,16274
user_rr1uzkql,,de,31/10/2023,1069
user_rfx3nz4u,"LONDON, UK",de,2023-01-23,20354
user_7t2gp59a,"Berlin, Germany",zh,2023-11-05,37446
user_ysu054dr,Singapore,de,04-16-2023,13639
user_i16blt5c,"Lagos, Nigeria",fr,12/01/2023,15494
user_jrqo44md,"Munich, Germany",en,2023-10-01,3826
user_34h6otv1,"Mumbai, India",hi,01-Sep-2023,825
user_vulstdsx,"Los Angeles, USA",hi,2023-03-23,17640
user_nj30zbtv,"Mumbai, India",de,01-17-2023,18202
user_c66o14p3,"Osaka, Japan",ja,2023-01-04,24996
user_gp93zm40,,ES,2023-10-23,9875
user_uozn4bg0,"London, UK",de,18/10/2023,41161
user_1in5bvdf,Singapore,ar,2023-09-16,7749
user_jp89dfll,"Osaka, Japan",zh,2023-06-23,47314
user_gsa59ewq,"Houston, USA",de,20-Dec-2023,2194
user_dtqoi70v,"New York, USA",en,21-Mar-2023,43807
user_750rlmnw,"Mumbai, India",pt,03/09/2023,20546
user_z0feut2e,"Milan, Italy",hi,2023-06-04,30461
user_zjpba9my,"CHICAGO, USA",es,2023-07-23,37507
user_b7x51z27,"Manchester, UK",hi,07/03/2023,16267
user_k3wqnnz3,"Lagos, Nigeria",ja,29/05/2023,41608
user_hen7rrkk,"Munich, Germany",hi,2023-04-17,1688
user_kz59girv,"Dubai, UAE",pt,2023-08-19,48794
user_si0cvlcp,"Los Angeles, USA",ar,07-17-2023,8005
user_gi4jvjqd,"Tokyo, Japan",hi,03-05-2023,41198
user_adh72fga,"beijing, china",,2023-06-19,11085
user_burti9os,"Rome, Italy",pt,2023-10-30,19117
user_g610crca,"São Paulo, Brazil",ar,2023-11-04,41246
user_g5a3zs71,"Lyon, France",fr,12-06-2023,26819
user_viynjlsr,"Mumbai, India",hi,2023-06-27,46004
user_hq06wwgk,"Munich, Germany",pt,2023-06-16,43992
user_v82mrman,"Mexico City, Mexico",de,30-Jan-2023,247250.0
user_4zp9ao9r,"Berlin, Germany",de,2023-05-25,
user_pvhgwztj,"Munich, Germany",hi,2023-10-28,39975
user_4glw6rrj,"Mexico City, Mexico",ar,11-17-2023,6004
user_1ol09hyk,"Sydney, Australia",ru,2023-10-11,N/A
user_a2a9oe87,Singapore,ru,10-16-2023,27688
user_suc2uijv,"Berlin, Germany",pt,09/11/2023,22923
user_5udnicb6,"Beijing, China",pt,25/01/2023,21862
user_49claaw8,"Milan, Italy",de,2023-10-22,36636
user_3jxx3h3w,"London, UK",ru,2023-10-28,35570
user_lq2eprhn,"Johannesburg, South Africa",de,21/04/2023,2434
user_uc87frzx,"Rio de Janeiro, Brazil",hi,07-29-2023,45923
user_v4objqex,"Madrid, Spain",hi,2023-11-15,16772
user_bvyufsqe,"Rio de Janeiro, Brazil",en,2023-04-28,5032
user_jodbszof,"Mumbai, India",zh,2023-05-30,31286
user_uw0vd87k,"Milan, Italy",,2023-10-16,11640
user_ogtvuuki,,es,2023-12-13,4459
user_pwkizrc1,Singapore,hi,2023-04-15,12613
user_kq59zq55,"Delhi, India",zh,2023-01-07,7868
user_o94skjzg,"Sydney, Australia", es ,2023-07-15,37281
user_zyptgxi8,"Shanghai, China",ar,2023-02-17,47455
user_vl9qiy9k,"Rome, Italy",pt,2023-06-11,35120
user_vdr1clyk,"Berlin, Germany",ru,2023-09-05,427460.0
user_lpaf67a1,"Los Angeles, USA",de,2023-07-18,47406
user_cw087eow,"Chicago, USA",zh,2023-10-11,31159
user_vknr0v08,"Rome, Italy",fr,2023-06-16,15568
user_e68x1vfa,"New York, USA",hi,18/05/2023,14402
user_z2r9v1ms,"  Los Angeles, USA  ",es,16/06/2023,1897
user_zq5mipiu,"New York, USA",ja,2023-11-11,38518
user_a3njsw7g,"Los Angeles, USA",zh,2023-12-03,4222
user_yrth0u5v,"Milan, Italy",hi,21/08/2023,6499
user_xgtlx302,"Lagos, Nigeria",ru,2023-07-20,42854
user_1qiu13dr,"Milan, Italy",fr,05-14-2023,32906
user_hm5gz5e1,"Vancouver, Canada",fr,2023-10-15,33552
user_5g45dehl,"rio de janeiro, brazil",ar,2023-01-14,26719
user_urkhf34q,"Manchester, UK",ar,2023-02-18,24177
user_0q1hamqb,"Sydney, Australia",ru,2023-06-03,14670
user_t4qd1q5j,"London, UK",ja,2023-06-01,18639
user_sjm4thcl,"  Dubai, UAE  ",en,06/04/2023,49721
user_5gxidbb7,"Houston, USA",pt,2023-12-14,37766
user_sxyhv9rg,"Madrid, Spain",hi,2023-09-30,23637
user_gg2lzb94,"Cairo, Egypt",,01-09-2023,21301
user_g612w4ko,"Munich, Germany",de,19-Feb-2023,13591
user_oypkjogs,"Dubai, UAE",es,31/10/2023,47001
user_nyopcp6t,"Milan, Italy",ru,2023-05-29,15140
user_vgdizrp5,"Rio de Janeiro, Brazil",ja,01-14-2023,37196
user_azj09nr4,"London, UK",es,2023-05-02,40700
user_iie5vu9r,"Los Angeles, USA",fr,19/12/2023,46501
user_5lmyv131,"  Toronto, Canada  ",de,29/10/2023,10443
user_xe1x9bhy,Singapore,ru,02-26-2023,36140
user_i8ncp2ai,"Delhi, India",fr,2023-02-12,49722
user_282w0ezf,"Munich, Germany",fr,18-Oct-2023,34203
user_tmjtxubu,"Seoul, South Korea", ja ,2023-05-07,48104
user_f3crksgl,"Los Angeles, USA",ar,2023-09-13,37091
user_maxv53zu,"Melbourne, Australia",zh,06-08-2023,40782
user_tzqt5z2m,"New York, USA",es,2023-10-06,32131
user_ercb72ke,"Cairo, Egypt",ar,04-09-2023,29120
user_udakufz1,"Houston, USA",pt,04/03/2023,30349
user_zzq2044c,"Delhi, India",ar,2023-02-09,34915
user_ec3q4urm,"  Cairo, Egypt  ",zh,02-14-2023,26940
user_jnbq8wan,"Cairo, Egypt",ja,2023-03-08,26014
user_5wmdl0y4,"Dubai, UAE",hi,07-11-2023,49404
user_01hav2yk,"Barcelona, Spain",es,2023-11-20,14971
user_weam2ohn,"Lyon, France",en,04-14-2023,12261
user_kacnf91b,"São Paulo, Brazil",hi,2023-06-13,38771
user_ouqw1ta1,"Tokyo, Japan",es,2023-11-21,38452
user_6fijt4ks,"Lyon, France",hi,2023-02-28,44023
user_1dor4ub9,"Melbourne, Australia",,20-May-2023,3948
user_tyvzn6ay,"London, UK",frr,05/09/2023,46141
user_57r6dkm6,"Vancouver, Canada",hi,19/01/2023,6699
user_ml9aeuua,"Beijing, China",ja,2023-02-02,37131
user_pfk3usin,"Mumbai, India",es,10-24-2023,12664
user_jlw733x7,"Shanghai, China",ar,2023-08-10,
user_a0bf0ref,"Madrid, Spain",pt,2023-11-25,29706
user_15fd58cq,"Lyon, France",de,2023-08-14,16272
user_ovph1ui0,"New York, USA",de,11/11/2023,41310
user_24wzfb8b,"Barcelona, Spain",zh,02-27-2023,-38633.0
user_0fraxbyo,"Melbourne, Australia",es,11-30-2023,15607
user_42iz424k,"Rio de Janeiro, Brazil",hi,30/08/2023,15154
user_pt5esn7d,"Dubai, UAE",zh,05-30-2023,19081
user_bnswpe65,"Sydney, Australia",hi,17/08/2023,20002
user_btviyu88,"Barcelona, Spain",hi,15/05/2023,N/A
user_34p96r93,"Tokyo, Japan",ru,03-22-2023,40540
user_7walmm9o,"Toronto, Canada",ar,2023-07-25,40824
user_77m315jj,"Munich, Germany",en,2023-01-06,30293
user_gqley07k,"São Paulo, Brazil",hi,2023-12-04,23356
user_l20ptiu5,"Melbourne, Australia",es,19/11/2023,31276
user_v0ylmnbx,"Johannesburg, South Africa",dee,17-Jun-2023,48811
user_47o2zlmp,"Tokyo, Japan",pt,2023-10-22,9632
user_wq8mex2l,"Madrid, Spain",ru,2023-01-31,5897
user_axfqrey3,"Rome, Italy",pt,11-20-2023,43157
user_sr1ug159,,en,02/10/2023,26249
user_c2tfuv1t,"Houston, USA",ru,18-Jan-2023,339
user_sc6w53me,"Mexico City, Mexico",de,2023-02-04,11958
user_oarrz3h1,"Los Angeles, USA", de ,07/09/2023,36319
user_73jr6imn,"Berlin, Germany",ru,13-Aug-2023,7267
user_ep00xpmt,"Barcelona, Spain",hi,07/11/2023,7893
user_21t39k1j,"Paris, France",en,2023-11-13,41573
user_119tublg,"Berlin, Germany",ZH,2023-11-02,26429
user_3rnkw0w0,"London, UK",en,30-Aug-2023,16930
user_8o6sps0v,"Chicago, USA",ja,2023-02-27,11740
user_w9frojsj,"Mexico City, Mexico",de,2023-08-31,15881
user_nqnv2wim,"Melbourne, Australia",ar,2023-02-10,1873
user_w9qotuff,"shanghai, china",ja,2023-05-18,11203
user_lv0eohsw,Singapore,de,2023-04-07,25133
user_otg53r69,,ar,10-04-2023,31825
user_wy6vq77l,"Tokyo, Japan",pt,02-12-2023,39627
user_168r2uhp,"Los Angeles, USA",ja,2023-02-07,11610
user_drbocr22,"Rio de Janeiro, Brazil",pt,11/08/2023,338280.0
user_1ug2c6v8,"Mumbai, India",hi,12/12/2023,30337
user_mc4gyg3z,"Madrid, Spain",pt,2023-12-23,34238
user_t0w6rkg0,"Melbourne, Australia",ja,2023-06-24,36025
user_nf5l9rnd,"Johannesburg, South Africa",ru,2023-11-10,34045
user_w7032rkh,"Dubai, UAE",zh,2023-11-26,16258
user_ze3qol7q,"Mumbai, India",de,18-Feb-2023,16102
user_nfgm6ygg,"London, UK",hi,23-Nov-2023,44364
user_63zia51r,"Shanghai, China",hi,2023-07-02,15126
user_31qdm3s9,"Rio de Janeiro, Brazil", pt ,2023-12-06,336350.0
user_ysbkmmxf,"Toronto, Canada",ja,31/03/2023,46203
user_60ypl1q4,"Los Angeles, USA",hi,12-May-2023,44700
user_59i5fn0m,"Delhi, India",en,2023-12-10,37251
user_cyqqg8x5,,zh,2023-12-04,44679
user_73jr6imn,"Berlin, Germany",ru,2023-08-13,7267
user_eocjg4nr,"Johannesburg, South Africa",es,2023-08-13,7268
user_pg17nta6,"Los Angeles, USA", de ,2023-07-12,2363
user_kiebkz7i,"Sydney, Australia",hi,2023-06-28,34969
user_fqfldx38,"Melbourne, Australia",ru,2023-01-26,25120
user_15i5qfz3,"Osaka, Japan",ja,2023-04-01,6975
user_yz6mibaj,"Dubai, UAE",ar,17-Apr-2023,10415
user_brtwxcm4,"Seoul, South Korea",ar,2023-12-12,1802
user_4o1z3322,"Tokyo, Japan",ar,2023-08-22,48982
user_pk1ptdj4,"Dubai, UAE",ru,16/11/2023,48116
user_octykp3s,, zh ,2023-02-05,13203
user_z5l7dqzu,"Delhi, India",,2023-03-31,22128
user_ekw6pu9s,"Barcelona, Spain",de,2023-06-05,13820
user_wb4t2r58,"Chicago, USA",es,28/02/2023,8509
user_0snf4coc,"São Paulo, Brazil",de,07-27-2023,42927
user_xzpx4dgt,"Madrid, Spain",ar,2023-12-30,11850
user_7apw5kiv,,ru,01-16-2023,17878
user_5e327fyv,"Shanghai, China",en,27/03/2023,14216
user_vzy4krml,"Sydney, Australia",fr,2023-12-24,6272
user_x47ltmhc,"Sydney, Australia",es,2023-06-11,N/A
user_3yu3mkxs,"Tokyo, Japan",pt,19-Jul-2023,7564
user_g37hrbp3,"Cairo, Egypt",ja,10-29-2023,6699
user_3fjv1ho7,"Rio de Janeiro, Brazil",ru,2023-09-17,23418
user_5jgxm2om,"Mexico City, Mexico",en,12-27-2023,37353
user_r46af80k,"Berlin, Germany",pt,08/12/2023,25928
user_rbtp63n2,"Munich, Germany",en,2023-12-17,49119
user_t1ebprsv,"Shanghai, China",zh,10-12-2023,17682
user_m80j4x3i,"toronto, canada",pt,2023-12-18,17803
user_7jn7qu75,"Sydney, Australia",ja,14/07/2023,25306
user_tmvu514q,"New York, USA",es,28/02/2023,42732
user_63jwqml9,"Chicago, USA",en,09/06/2023,25724
user_tl3fefo0,"Tokyo, Japan",ar,02/12/2023,11653
user_pbn2tgep,"Paris, France",fr,03-01-2023,38343
user_vgfgyt5r,"Chicago, USA",hi,09-08-2023,-26413.0
user_ygorm9b4,"Sydney, Australia",de,2023-12-27,7165
user_wfoibt5f,"Melbourne, Australia",pt,2023-09-29,49332
user_6q691qyw,"Johannesburg, South Africa",de,22-Feb-2023,44759
user_m80j4x3i,"Toronto, Canada",pt,2023-12-18,17803
user_h8g2fyv0,"London, UK",es,2023-07-11,4209
user_mc45jax7,"Madrid, Spain",en,09/08/2023,32003
user_ishux5fb,Singapore,de,2023-05-18,27779
user_hjd27rwd,"  Barcelona, Spain  ",pt,09-27-2023,46289
user_tejbqww7,"Johannesburg, South Africa",en,2023-03-20,2818
user_ykcupti7,"Milan, Italy",en,2023-03-01,20735
user_a2t91ioa,"São Paulo, Brazil",ar,03-23-2023,5217
user_8js3zac5,"Barcelona, Spain",ru,2023-03-15,16218
user_ztrgkwrt,,es,27/08/2023,30306
user_5cvmwjfa,"Seoul, South Korea",ru,2023-04-06,38237
user_lafp17kc,"Shanghai, China",zh,2023-05-14,40151
user_nfgm6ygg,"london, uk",hi,23/11/2023,44364
user_4i8oqswh,"Mumbai, India",fr,05-09-2023,8760
user_bsrrv0ob,"  Lagos, Nigeria  ",en,07-08-2023,14576
user_wdpk36tw,"Shanghai, China",zh,22/05/2023,8351
user_eyivvxsv,"Chicago, USA",zh,2023-06-19,34931
user_y21tyr3n,Singapore,hi,2023-06-20,26602
user_716l1rz5,"Mexico City, Mexico",zh,09-06-2023,41236
user_xjkv8d43,"Houston, USA",hi,2023-07-12,13651
user_zftpt5jm,"Lagos, Nigeria",pt,2023-04-19,33930
user_ipbdrtzc,"São Paulo, Brazil",pt,2023-02-18,27349
user_il88ti8o,"los angeles, usa",en,2023-04-03,33527
user_u98jwp3f,"Chicago, USA",zh,2023-04-20,49936
user_1qpr9tga,"Dubai, UAE",pt,03-Jun-2023,31853
user_778m0v2w,"Toronto, Canada",hi,11-18-2023,36094
user_oknxkzax,"Manchester, UK",en,13/12/2023,34257
user_sniodvjg,"São Paulo, Brazil",es,16-Sep-2023,23961
user_wq8mex2l,"Madrid, Spain",ru,31/01/2023,5897
user_wwjfzbxm,"Paris, France",pt,2023-04-10,2328
user_vhsumg9c,"Dubai, UAE",ru,28/08/2023,32650
user_5dciucw4,Singapore,fr,2023-12-21,19889
user_bpeh6r2x,"Rome, Italy",ar,11-15-2023,39573
user_8w06w1qu,"Melbourne, Australia",es,2023-11-11,
user_3y9hmsqu,"Lagos, Nigeria",fr,28/05/2023,4352
user_h229sw58,"Delhi, India",es,2023-08-09,34951
user_xeefhrn8,"Manchester, UK",pt,07/02/2023,43744
user_89lof2wj,"Mumbai, India",fr,2023-09-26,12147
user_i6bgsjcr,"Barcelona, Spain",pt,14/01/2023,1654
user_z8vlb7d2,"Rome, Italy",hi,2023-09-21,418
user_c4qqdoi5,"Sydney, Australia",de,08-09-2023,44786
user_jxfroxq0,,ru,2023-11-24,36948
user_vddrbq40,"Mumbai, India",zh,2023-06-07,39243
user_orpq5vct,"Chicago, USA",pt,14/03/2023,27107
user_7m4u5drn,"Rio de Janeiro, Brazil",pt,02-20-2023,40653
user_4oo5d5h3,"São Paulo, Brazil",jaa,04-14-2023,13017
user_rm8c3wgs,"Milan, Italy",ar,19/05/2023,23940
user_g612w4ko,"Munich, Germany",de,2023-02-19,13591
user_bgppnqks,"Tokyo, Japan",en,2023-12-07,15171
user_mmusq9kc,"Osaka, Japan",zh,2023-08-14,29655
user_yhe9m0z0,"Beijing, China",ar,2023-06-30,1655
user_wggdllvb,"Barcelona, Spain",,2023-12-01,42749
user_n4b1bcqh,"Melbourne, Australia",de,31/10/2023,640
user_14r9qzdz,"madrid, spain",ar,07/04/2023,16489
user_uaxe52m7,"Vancouver, Canada",ru,18/06/2023,42324
user_u02jbwra,"london, uk",de,2023-01-24,8141
user_cbswmk3b,"Beijing, China", ru ,22-Feb-2023,
user_q4xj4dj6,,pt,03/02/2023,29536
user_yqdus3x1,"Seoul, South Korea",en,12-14-2023,39684
user_fdavvfs9,"Shanghai, China",hi,2023-10-14,28740
user_c4e9we1i,"Munich, Germany",zhh,2023-09-01,33992
user_sek60h67,"Vancouver, Canada",ru,2023-02-28,12772
user_bxxatzfk,"Paris, France",ru,02/01/2023,15151
user_1depqq3s,"Vancouver, Canada",fr,2023-09-19,22365
user_mmusq9kc,"Osaka, Japan",zh,14/08/2023,29655
user_tvrrizk4,"Lagos, Nigeria",es,13/12/2023,24598
user_wn6shb1b,"Melbourne, Australia",ar,17-Apr-2023,34188
user_os4zasf3,"Toronto, Canada",ru,2023-05-09,11237
user_gl6nmk6h,"Rome, Italy",de,09-22-2023,6996
user_rv5qhh6q,"Manchester, UK",pt,2023-03-23,5256
user_0e2how9t,"Melbourne, Australia",hi,03-Sep-2023,23563
user_v9k2zefm,"Shanghai, China",zh,04-30-2023,10505
user_dcrkgrb5,Singapore,ja,2023-03-10,27599
user_mwro4svc,"  New York, USA  ",ar,29/06/2023,18052
user_l0y6e71z,"Dubai, UAE",ja,11-15-2023,9788
user_mxyu76aq,"Lyon, France",es,2023-03-28,48750
user_74ri5vbc,"New York, USA",hii,09-23-2023,-24934.0
user_kjdhjed1,"Paris, France",en,2023-03-20,15413
user_gpq94odr,"London, UK",ar,02-02-2023,39793
user_zrm2zekc,"Rio de Janeiro, Brazil",pt,2023-05-29,6381
user_sktr0cyy,"Delhi, India",ja,04-06-2023,42180
user_aaiari8o,"Rome, Italy",ar,08-18-2023,16038
user_upih2le3,"Tokyo, Japan",,03-May-2023,1775
user_yimb5r96,"Lyon, France",en,2023-06-19,24755
user_kywmd97r,"Cairo, Egypt",ar,05-26-2023,47309
user_jti6edje,"Toronto, Canada",en,12-10-2023,31392
user_yx0kbvbm,"Houston, USA",fr,2023-12-13,33957
user_b2k6dv8u,"Osaka, Japan",ar,2023-06-13,27707
user_bf0xs7co,Singapore,RU,08-24-2023,39894
user_zh3km46r,"Melbourne, Australia",ru,2023-04-24,44219
user_9m6lzkx0,"  Paris, France  ",zh,01-Dec-2023,15072
user_ju8hqhh7,"São Paulo, Brazil",pt,2023-08-10,-11133.0
user_v90c7v7k,"Manchester, UK",EN,2023-02-08,38478
user_4aitv3ib,"Rio de Janeiro, Brazil",ja,25/06/2023,47961
user_5td0e1us,Singapore,en,2023-02-14,6747
user_y5k6wncp,"Osaka, Japan",ar,2023-04-08,5760
user_op7k2mli,"tokyo, japan",en,2023-01-13,24762
user_baflpt2a,"Shanghai, China",zh,2023-05-14,2528
user_l7r2bz9p,Singapore,hi,06-Sep-2023,44363
user_m5z8a3sg,"Berlin, Germany",ar,2023-04-01,34800
user_n2ondgx6,"Los Angeles, USA",zh,2023-07-03,44576
user_n3yjfvxy,"New York, USA",hi,2023-06-10,45548
user_nog4qbe8,"Shanghai, China",,04-01-2023,18710
user_vebae5wn,"Melbourne, Australia",ja,2023-11-08,26919
user_ieac3mj5,"Chicago, USA",de,2023-01-04,28812
user_fbi471s9,"Shanghai, China",fr,10-30-2023,2778
user_wr3q3r0o,"Berlin, Germany",zh,05-18-2023,17020
user_5v4ez5kc,"mexico city, mexico",fr,06/09/2023,7011
user_r3r59q7h,"Los Angeles, USA",ja,09-Jun-2023,32753
user_permtl48,"Cairo, Egypt",hi,2023-03-17,23881
user_8c2t4hs8,"Rome, Italy",es,2023-02-01,7988
user_96uhzseg,"London, UK",ar,2023-04-24,27186
user_0osqp2dw,"New York, USA", hi ,20/03/2023,6432
user_4h2i9jla,"Los Angeles, USA",pt,2023-12-10,37825
user_v4g3pbbm,"Chicago, USA",zh,10/08/2023,24691
user_x8d4tmgt,"Seoul, South Korea",hi,10-13-2023,3965
user_ff1fie1h,"Munich, Germany",ru,2023-01-15,34366
user_abawq3v4,"Barcelona, Spain",fr,16/11/2023,27400
user_uyyao98x,"Chicago, USA",hi,2023-01-11,11625
user_w66b5uk0,"Manchester, UK",hi,02-Sep-2023,17208
user_xiajv4r3,"São Paulo, Brazil", ja ,2023-09-30,N/A
user_5n6jz0q7,Singapore,es,2023-10-19,21262
user_rj984hbd,"LOS ANGELES, USA",pt,20/11/2023,
user_ypmvx9m4,"Manchester, UK",es,19-Jan-2023,35088
user_6qudu5ws,"Berlin, Germany",,2023-03-18,N/A
user_lr3fagdl,"  Paris, France  ",en,13/10/2023,21509
user_0q1hamqb,"Sydney, Australia",ru,2023-06-03,14670
user_m27g42ms,"Beijing, China",hi,2023-01-28,27325
user_uer432k7,"Los Angeles, USA",,2023-10-28,2023
user_sumcbxzj,"Toronto, Canada",ja,01/05/2023,27073
user_7rdiojrn,"Mumbai, India",ja,17/12/2023,40870
user_ewhj7uh3,"Houston, USA",es,2023-12-23,14378
user_bxly4qsk,"Melbourne, Australia",de,2023-06-09,37124
user_5jzr83cf,"Sydney, Australia",ja,2023-09-30,28802
user_qpmg4srk,"Rio de Janeiro, Brazil",zh,02/03/2023,33780
user_vuu7r75n,"Milan, Italy",ja,15/06/2023,19196
user_f7gw8r95,"Manchester, UK", zh ,21/10/2023,14142
user_omum896s,"Rome, Italy",de,01-07-2023,1160
user_56ztj4ej,Singapore,zh,2023-01-20,33410
user_3v5bmc1w,"Johannesburg, South Africa",AR,2023-11-22,45585
user_r81b8x1v,"Tokyo, Japan",en,07-Oct-2023,43520
user_kf84zwv2,,es,04-18-2023,49575
user_fxsobysv,"Sydney, Australia",es,12-17-2023,10948
user_ckihmwlk,"Berlin, Germany",es,2023-08-31,20122
user_extpr91a,"Chicago, USA",fr,2023-02-27,3802
user_lnbrfbja,"Melbourne, Australia",ru,09/12/2023,48769
user_azj09nr4,"London, UK",es,05-02-2023,40700
user_ttlouvlq,"BEIJING, CHINA",ru,07/12/2023,19373
user_y0mvxe0c,"Houston, USA",pt,2023-10-17,27658
user_n0ok02rt,"Dubai, UAE",ru,2023-02-13,2531
user_0nzzm3ff,"Munich, Germany",es,25/01/2023,16757
user_056jjlrt,Singapore,ja,2023-01-16,41352
user_qobhni7e,,es,2023-01-26,17295
user_ta69gmj0,"Lyon, France",hi,2023-01-21,21267
user_7nf5hu9v,"Shanghai, China",ar,11-Jul-2023,45013
user_06v0exkg,"Barcelona, Spain",zh,2023-05-20,552
user_ct4c5m5p,"Manchester, UK",ru,29/12/2023,13416
user_ivpoy0x1,"  Seoul, South Korea  ",hi,2023-05-12,28950
user_o9e3yl5r,"Madrid, Spain",de,03-Oct-2023,36520
user_11phoejb,"Seoul, South Korea",es,2023-06-02,37944
user_njtvacei,"Dubai, UAE",fr,09-13-2023,8100
user_mtuzxdlb,"Melbourne, Australia",fr,06-Apr-2023,49341
user_f45gw6pp,"MEXICO CITY, MEXICO",ar,09/10/2023,40345
user_qfevrky0,"Munich, Germany",zh,2023-02-08,6197
user_q6b92sgq,"Munich, Germany",hi,2023-07-21,38254
user_77m315jj,"Munich, Germany",en,2023-01-06,30293
user_my2pinn7,"Chicago, USA",de,2023-06-05,1038
user_rbvbyj5y,"LONDON, UK",ru,2023-08-24,2857
user_eg2telg5,Singapore,hi,12-25-2023,10015
user_1r0kftmv,"Los Angeles, USA",ru,06-11-2023,53800.0
user_kvu7ljf2,"São Paulo, Brazil",es,2023-06-18,15383
user_4h468qeh,"Munich, Germany",ru,09-25-2023,
user_d6tjszz8,"Melbourne, Australia",fr,03-24-2023,37186
user_3l8kzask,"Seoul, South Korea",ess,09-10-2023,11009
user_z9n3lwuk,"Mumbai, India",zh,2023-12-20,15158
user_jsmxpwu0,"Lagos, Nigeria",ar,2023-09-09,31041
user_t59clgrj,"Milan, Italy",ar,2023-10-06,43441
user_ja1dmtpu,"MUNICH, GERMANY",ar,2023-06-17,32283
user_nwv6ddob,"Barcelona, Spain",zh,26-Aug-2023,28382
user_i2rk6iik,"Osaka, Japan",en,03-17-2023,40792
user_4jixdawy,"Barcelona, Spain",pt,2023-01-01,3507
user_vc1szta6,"Chicago, USA",ru,18/08/2023,16685
user_wf6fogvd,"Osaka, Japan",de,2023-09-12,48576
user_4wra4ou1,"Cairo, Egypt",es,10-29-2023,6822
user_qztfr35l,"Vancouver, Canada",ar,29-Jan-2023,39486
user_sc48kef8,"Vancouver, Canada",en,01/03/2023,14772
user_d540lt76,"LOS ANGELES, USA",de,06-22-2023,8352
user_81otnxj4,"Johannesburg, South Africa",de,08-Jun-2023,35715
user_al9p1gnu,"Munich, Germany",pt,2023-04-19,49268
user_5l9nw5ja,"Milan, Italy",hi,2023-05-07,11777
user_sk29dqyu,"Lagos, Nigeria",AR,04/11/2023,18327
user_zqv2vrf5,"vancouver, canada",es,09-17-2023,13531
user_i7dvhf8q,Singapore, pt ,01-03-2023,4409
user_k3y9gbsz,"Berlin, Germany",es,05-06-2023,12496
user_839fxdlb,"MEXICO CITY, MEXICO",ar,2023-05-05,15843
user_i1e1kek5,"Vancouver, Canada",zh,2023-10-01,46765
user_nh1o0jf3,"Seoul, South Korea",es,2023-03-24,23258
user_fhm7i47h,"Beijing, China",hi,06-20-2023,43143
user_4vtz5fph,"Berlin, Germany",de,2023-05-22,4310
user_7ca0d2ca,"Toronto, Canada",hi,2023-05-24,49154
user_xbva0qcq,"Manchester, UK",hi,2023-07-17,21901
user_vw9pi7nt,"Toronto, Canada",zh,10-16-2023,31294
user_zg4kjiw1,,ja,03-05-2023,35298
user_v20bhdbp,"Barcelona, Spain",es,02-Jun-2023,6540
user_dixsdewf,"Beijing, China",es,13/09/2023,45746
user_m8iw7i4v,"Toronto, Canada",ar,13/01/2023,38283
user_87kc1g6d,"  Houston, USA  ",hi,05/05/2023,7238
user_hdcwy7rw,"Houston, USA",hi,12-Jun-2023,2595
user_jpjfe0mm,"Lyon, France",en,2023-10-11,26099
user_02sm9ly7,"  Seoul, South Korea  ",ru,12/10/2023,48317
user_t6hlzu33,"Seoul, South Korea",es,24/12/2023,18568
user_3u7xgcuc,"Rome, Italy",fr,2023-10-06,11332
user_skl4j2ok,Singapore,ar,2023-02-24,47412
user_yx62v2ol,"Delhi, India",fr,08/06/2023,21569
user_vfz790ui,"Delhi, India",ja,2023-08-19,
user_5exkshy7,"Rio de Janeiro, Brazil",ja,19-Sep-2023,43729
user_2515g13o,"Melbourne, Australia", fr ,05/12/2023,25991
user_nk06mmye,"Beijing, China",ru,31/01/2023,34221
user_xkt80br3,"Rio de Janeiro, Brazil",ru,2023-11-05,37687
user_j0akync6,"Houston, USA",en,2023-10-23,N/A
user_ghvkvfa7,"Munich, Germany",en,31/08/2023,12899
user_x2etbjko,"Barcelona, Spain",pt,2023-03-26,36825
user_6w7t1ijr,"Milan, Italy",,2023-08-14,27442
user_01mu2x1s,"Toronto, Canada",es,02/11/2023,25887
user_kjdhjed1,"PARIS, FRANCE", en ,2023-03-20,15413
user_jhknjb2o,"Manchester, UK",,2023-12-09,26342
user_5t2f5iez,"Mumbai, India",en,15-Jul-2023,29412
user_pdbi7llj,"Johannesburg, South Africa",fr,20-Aug-2023,789
user_71fmq8vv,"Paris, France",hi,2023-07-24,30746
user_35tibb0k,"Shanghai, China",hi,2023-05-28,24318
user_kuccczbl,"cairo, egypt",zh,28/02/2023,
user_27gl0vx8,"Shanghai, China",zh,2023-12-19,39885
user_n60azzwm,"Los Angeles, USA",en,2023-06-30,16767
user_ul9vcts3,"Madrid, Spain",ar,2023-10-25,36347
user_3ec3xlij,"Mumbai, India",ar,10-20-2023,42106
user_z05ow6gf,"Melbourne, Australia",ja,2023-08-31,40052
user_vzkc4eex,"Madrid, Spain",en,05-17-2023,34062
user_hko8pxwz,"Chicago, USA",es,08-Mar-2023,42258
user_eank0miq,"London, UK", es ,2023-12-24,8837
user_vlsb91yi,"Vancouver, Canada",ar,30/10/2023,31473
user_9r55gqow,"Cairo, Egypt",es,20/08/2023,29901
user_3jedn9am,"Beijing, China",pt,21-Jan-2023,29196
user_a7p5u7lh,"Osaka, Japan",es,2023-07-25,
user_ncbd7ffc,"Toronto, Canada",ar,03/09/2023,6667
user_hftncqwg,"Osaka, Japan",en,05-May-2023,35741
user_wshujk0v,"New York, USA",zh,12-23-2023,33066
user_i5gyaj59,"Rome, Italy",zhh,26/02/2023,26215
user_wd54p4v2,"Paris, France",ar,18/08/2023,26645
user_mv849ksk,"Los Angeles, USA",de,28-Aug-2023,8860
user_7djuqed1,"Shanghai, China",zh,2023-03-11,26907
user_j5l1l3j3,"  Milan, Italy  ",ja,2023-08-03,24370
user_mivsrvu3,"NEW YORK, USA",ja,2023-02-28,27855
user_bf5c7eq4,"LYON, FRANCE",hi,04-Jun-2023,10579
user_yotuyqas,,fr,2023-01-31,19591
user_44de7ixg,"New York, USA",hi,2023-03-13,41901
user_r7eg1rac,"Houston, USA",fr,2023-04-15,2052
user_aqe9wzh2,"New York, USA",pt,2023-11-27,34088
user_eatb59cy,"Mexico City, Mexico",en,2023-08-02,39881
user_us4gqp8w,"Cairo, Egypt",es,06-21-2023,23708
user_c598rgin,"Johannesburg, South Africa",ar,23-Sep-2023,34632
user_2413uvvt,Singapore,es,2023-05-25,18809
user_q6zxw0b0,"Mumbai, India",hi,11/03/2023,11339
user_i15alzcr,  Singapore  ,pt,07-02-2023,37046
user_ngs7bvtc,"Rio de Janeiro, Brazil",fr,05/05/2023,11568
user_npcpkikb,"Osaka, Japan",ja,2023-12-20,27589
user_0ovhak73,"New York, USA",hi,2023-12-15,32045
user_y68rd0ph,"Johannesburg, South Africa",es,04/06/2023,11155
user_tjmmxujl,"São Paulo, Brazil",hi,2023-10-08,6675
user_ipc8wvdz,"Houston, USA",fr,2023-09-24,9612
user_q3dvjt5a,"Barcelona, Spain",en,2023-01-02,25339
user_p1ckbgu0,"Beijing, China",hi,17/02/2023,844
user_pa5oa4sx,"Lagos, Nigeria",ar,2023-08-05,42422
user_2ecys8dy,Singapore,ru,2023-08-30,34991
user_wous5rom,,fr,2023-05-15,44353
user_wolyc68e,"Berlin, Germany",hi,09-24-2023,21598
user_zfhfi8vl,"Los Angeles, USA",hi,11-11-2023,25841
user_c01tfali,"Milan, Italy",fr,10-29-2023,28971
user_e9paascb,"são paulo, brazil",de,03-11-2023,19695
user_l5tg9fs9,"Munich, Germany",es,2023-10-08,8582
user_qiay963n,"Vancouver, Canada",en,2023-09-22,11551
user_i5ujajet,"São Paulo, Brazil",zh,2023-04-15,26833
user_yr80oaxg,"Osaka, Japan",fr,09/01/2023,30039
user_hrja27s4,"Paris, France",en,10-13-2023,42821
user_knjtsbf3,"Toronto, Canada",zh,2023-06-27,1298
user_bcl4gqby,"São Paulo, Brazil",ar,2023-05-11,20758
user_6q9v2e5a,"Milan, Italy",pt,07/01/2023,35445
user_i11d4wfo,"Shanghai, China",ar,2023-05-30,43184
user_y2h9q3ov,"Houston, USA",en,05-Apr-2023,18336
user_3uo85im0,"New York, USA",hi,2023-04-12,36466
user_3bumtqzs,"Munich, Germany",ar,06-18-2023,23677
user_t2e8zk5w,"Melbourne, Australia",ar,08-21-2023,28784
user_k16jgobs,"NEW YORK, USA",zh,2023-09-08,35293
user_txrypced,"Rome, Italy",de,28/05/2023,2479
user_72satzpm,"Osaka, Japan",fr,2023-11-07,45295
user_rpjjwdw9,"Mexico City, Mexico",ru,2023-05-27,-44670.0
user_bb3ygvae,Singapore,ja,09-13-2023,3302
user_taeychos,"Barcelona, Spain",es,2023-10-12,38460
user_qxhiayyr,"Berlin, Germany",hi,2023-06-07,12943
user_w4tb9pr9,"Los Angeles, USA",pt,2023-11-25,47532
user_rifmkpck,"Mumbai, India",ar,01-06-2023,1074
user_8t4e9hnl,"Paris, France",ar,02-02-2023,
user_eci1w7hz,"Seoul, South Korea",ru,02-04-2023,43692
user_ur1cqbvt,"Vancouver, Canada",,2023-09-20,16616
user_4ne7qun0,"Rome, Italy",pt,09/04/2023,48020
user_fietp9xk,"Shanghai, China",ru,09-30-2023,40252
user_g4wvcqoa,"Delhi, India",de,2023-07-13,20556
user_v8qu1p8i,"Vancouver, Canada",ru,2023-11-01,36269
user_y9bjiho1,"Mumbai, India",zh,11-12-2023,24858
user_x6t03gzx,"Rome, Italy",,24/10/2023,5868
user_rscyqide,"Shanghai, China",es,13/02/2023,4478
user_c6x0yszg,"Melbourne, Australia",ar,2023-04-13,48384
user_wouds22l,"Los Angeles, USA",fr,2023-06-15,44825
user_sb57kdx4,"Manchester, UK",pt,2023-06-04,27173
user_1tqy94o2,"  Paris, France  ", hi ,2023-04-25,28391
user_7gm44p81,"Toronto, Canada",fr,02/07/2023,1960
user_gv4jqg3n,"Toronto, Canada",es,27/08/2023,27493
user_a19f44ms,"New York, USA",zh,2023-08-19,21298
user_g2hbxvtg,"Chicago, USA",ar,2023-12-01,46791
user_v8gtqwd5,"São Paulo, Brazil",ru,2023-07-16,11255
user_ukkkyp0o,"Toronto, Canada",es,2023-02-28,28045
user_6laec67f,"Chicago, USA",es,2023-06-16,-6536.0
user_ze63it02,"Milan, Italy",ja,2023-04-06,37116
user_uby999hz,"Houston, USA",de,2023-02-14,10510
user_5jnvufdb,"Delhi, India",de,11-28-2023,47808
user_cmf4omis,"Houston, USA",ar,30/08/2023,21040
user_swf9alie,"Dubai, UAE",es,10-27-2023,23651
user_cp951gop,"Houston, USA",ar,24/06/2023,31879
user_mlvgkgpu,"Seoul, South Korea",pt,2023-07-06,36362
user_q6c1cez7,"Madrid, Spain",pt,03/12/2023,28222
user_5gi9jn4u,Singapore,en,08-09-2023,16464
user_t3oblcqc,"Osaka, Japan",en,2023-07-27,20765
user_ykoqww5l,"Paris, France",frr,10-11-2023,665
user_hdl625jh,,pt,2023-03-10,33417
user_pgj3c632,,de,10/02/2023,18655
user_140m58n3,"Osaka, Japan",fr,06-10-2023,28999
user_s4nmuyvf,"MUMBAI, INDIA",zh,17-Mar-2023,43412
user_27aje6ur,"Berlin, Germany",hi,08-Aug-2023,15671
user_teahnr7h,"New York, USA",ja,2023-02-18,30953
user_t2547yd6,,hi,09/02/2023,8248
user_yhkk65jx,"Dubai, UAE",zh,03-04-2023,19947
user_dl3xyfx7,"Rome, Italy",hii,05/06/2023,16218
user_fpnt3iw9,"Rio de Janeiro, Brazil",ru,01-02-2023,8979
user_tj1hwx21,"Lyon, France",en,06-Mar-2023,24706
user_zeatlk93,"Mexico City, Mexico",ar,2023-11-22,17607
user_ay79c8du,"Barcelona, Spain",ru,2023-01-05,21312
user_pgqj40dx,"Toronto, Canada",es,2023-08-18,29989
user_nceqgt3f,"Toronto, Canada",es,26-Apr-2023,41263
user_ywa69u1f,"Milan, Italy",zh,30/09/2023,
user_auaf6zqu,"Tokyo, Japan",ja,2023-08-21,8613
user_qchyte6l,"  New York, USA  ",en,2023-09-17,33190
user_0xmoolhz,"New York, USA",zh,05/05/2023,34501
user_0jp66e6p,"São Paulo, Brazil",es,06-21-2023,21437
user_lt9gdb5a,"  Delhi, India  ",en,2023-07-27,40557
user_btbjsufs,"London, UK",ja,25/01/2023,30087
user_mcchsnr8,"Munich, Germany",ar,17-Feb-2023,2602
user_aqwezplu,"Cairo, Egypt",hi,02-06-2023,40191
user_7ydlrbx2,"Johannesburg, South Africa", ar ,2023-06-20,10358
user_veuczwoc,"Seoul, South Korea",pt,14/03/2023,11391
user_usts5yuo,"Shanghai, China",ja,31/12/2023,49933
user_zsdvwipi,"Mexico City, Mexico",ru,26/12/2023,19291
user_gyx5gifk,"Vancouver, Canada",es,2023-04-29,3302
user_pi32ijrq,"Barcelona, Spain",ru,2023-12-25,15386
user_i45x0tl1,"Cairo, Egypt", ja ,06-10-2023,34720
user_tduwgto2,"London, UK",ja,14/10/2023,27272
user_0q7j2ayv,"RIO DE JANEIRO, BRAZIL",pt,2023-01-17,23427
user_egbm0x5r,"Manchester, UK",pt,2023-12-22,8593
user_6am6m4he,"milan, italy",ru,12-29-2023,42340
user_tndo3hfx,"Berlin, Germany",de,2023-05-31,43803
user_irfxbf0q,"Johannesburg, South Africa",fr,09-17-2023,-3238.0
user_0riqrfz9,"Dubai, UAE",fr,2023-05-01,12825
user_5hllls25,"Houston, USA",en,2023-07-18,44839
user_gixgrawk,"São Paulo, Brazil",fr,2023-06-25,23531
user_8js3zac5,"Barcelona, Spain", ru ,03-15-2023,16218
user_xrod8bh2,"Rio de Janeiro, Brazil",zh,2023-08-26,48702
user_m6q38p8n,"Rio de Janeiro, Brazil",ru,2023-08-20,19975
user_ufyrd68a,"Munich, Germany",zh,2023-02-06,24756
user_e36lw9zl,"Lyon, France",zh,14-Oct-2023,41399
user_u6wmhba1,"Rio de Janeiro, Brazil",fr,05-07-2023,26788
user_a9a7r18l,"HOUSTON, USA",ja,12-30-2023,2091
user_3m0fddpp,"Toronto, Canada",fr,2023-03-01,327
user_pwnr2cuw,"Melbourne, Australia",ja,28/10/2023,20965
user_p6njk6q4,"London, UK",fr,2023-08-03,27586
user_0aacyvtz,"Rome, Italy",ru,2023-01-19,1452
user_j5tr3n1z,"Osaka, Japan",de,2023-07-16,29666
user_3xgp44s2,"Beijing, China",es,19/09/2023,11935
user_6lk9bh8q,"Johannesburg, South Africa",ru,04-18-2023,30992
user_8s0d1h4k,"New York, USA",en,2023-04-13,15522
user_r7rpurvq,"Los Angeles, USA",HI,2023-09-27,2812
user_x87qma0e,"lagos, nigeria",fr,28-Mar-2023,39223
user_2sz5870k,"Paris, France",ar,2023-08-14,22469
user_vhbx0pma,"Rio de Janeiro, Brazil",zh,2023-10-01,12556
user_c6zjvhsi,"Munich, Germany",PT,30/08/2023,20781
user_vec6gvbu,"Osaka, Japan",en,2023-01-28,17295
user_l1eyb03l,"Seoul, South Korea",jaa,2023-06-01,32738
user_s1avt2xw,"Johannesburg, South Africa",ru,01-31-2023,8604
user_cwh9v5dk,"Munich, Germany",en,09-08-2023,17364
user_a7y7wdlm,"Delhi, India",ar,28/01/2023,38573
user_w3hcoi82,"São Paulo, Brazil",zh,2023-04-17,11287
user_jm2grmis,"Dubai, UAE",EN,2023-01-03,45842
user_9vo7he3z,"Rio de Janeiro, Brazil",en,2023-12-01,36257
user_kn46rm8k,"Mumbai, India", en ,01-26-2023,12679
user_2a9bu71t,"Los Angeles, USA",fr,2023-08-15,20046
user_m5o36yfr,"Rio de Janeiro, Brazil",ar,08-11-2023,36159
user_6foacnhi,"Beijing, China",es,2023-04-17,-48467.0
user_84886kht,"  Cairo, Egypt  ",jaa,2023-06-30,17475
user_f45gw6pp,"Mexico City, Mexico",ar,2023-10-09,40345
user_vs99hcpu,"Manchester, UK",de,2023-02-24,40430
user_zq2nib62,"Delhi, India",ja,05-Aug-2023,5153
user_20v16n7o,"Osaka, Japan",es,06-23-2023,35772
user_cdzp4vm2,"Beijing, China",ru,2023-05-22,11187
user_y2kevkc6,"Shanghai, China",ru,13/06/2023,23145
user_s0cvgsc5,"Berlin, Germany",ru,07-20-2023,36087
user_jzxknj0a,"Tokyo, Japan",en,07-21-2023,231330.0
user_u7nyucfk,"Manchester, UK",es,27/09/2023,15321
user_ofpvkxmw,"Paris, France",ar,14/10/2023,42898
user_38xako3d,"Johannesburg, South Africa",en,2023-05-20,26614
user_e4woaioc,"Mexico City, Mexico", ja ,2023-05-16,19459
user_o9e3yl5r,"Madrid, Spain",de,10-03-2023,36520
user_eaft49ay,, es ,2023-01-28,31061
user_rawskkbp,"Mexico City, Mexico",ja,2023-04-03,19554
user_lyfad7uf,"Melbourne, Australia",es,2023-03-29,49092
user_q58jkdaj,"Munich, Germany",en,03/12/2023,29659
user_ll36h5wt,"Tokyo, Japan",ru,2023-07-02,29890
user_dbqn2wg3,"  Osaka, Japan  ",zh,2023-06-21,14408
user_8u9g9kjp,"Los Angeles, USA",pt,23/06/2023,37049
user_sh3by87q,"Manchester, UK",hi,2023-10-14,30340
user_2y7586xm,"New York, USA", hi ,02/04/2023,19874
user_ghc11hqx,"Beijing, China",fr,2023-12-11,8863
user_py58gal3,"Chicago, USA",fr,10/11/2023,46803
user_l9mm6sge,"Munich, Germany",en,04-Apr-2023,197540.0
user_217ifsky,"Dubai, UAE",ja,21-Nov-2023,45783
user_85468fb8,"Delhi, India",pt,2023-09-22,16049
user_9px5q0by,"Lyon, France",zh,2023-12-23,
user_q2y6x6ct,"Delhi, India",zh,2023-04-25,48128
user_hdwsy3nf,"Vancouver, Canada",fr,2023-03-28,N/A
user_lgnt3fch,"Johannesburg, South Africa",fr,29/03/2023,46078
user_9mtets0p,"Johannesburg, South Africa",pt,09-09-2023,8262
user_sgrcs7xk,"Madrid, Spain",ja,2023-12-24,9814
user_avt1fzq5,"São Paulo, Brazil",ar,03/06/2023,47923
user_wozqxxuj,"Lyon, France",ja,08-Sep-2023,32180
user_x2t8qu7s,"Manchester, UK",en,2023-05-22,32551
user_4mf7je2u,"Seoul, South Korea",es,29/12/2023,36544
user_muh53in5,"Vancouver, Canada",es,2023-03-12,20639
user_yn18x47n,"Cairo, Egypt",hi,2023-04-24,16381
user_hs5g35ed,"Lagos, Nigeria",frr,13/11/2023,149600.0
user_mvou9k6j,"Johannesburg, South Africa",pt,2023-01-14,19293
user_cgwp945e,"São Paulo, Brazil",de,22/02/2023,38693
user_nopk6luq,"Tokyo, Japan",JA,08-27-2023,196630.0
user_gq0rypar,"  Mumbai, India  ",zh,20/03/2023,17672
user_6aqnsm4k,"Los Angeles, USA",ar,2023-11-19,18647
user_ggnjpujh,  Singapore  ,hi,22/10/2023,N/A
user_t635oen6,"Johannesburg, South Africa",ru,2023-09-17,4167
user_uwheu707,"Osaka, Japan",ja,11/02/2023,9366
user_ysobum87,"Seoul, South Korea",ar,2023-08-08,34867
user_z6hw1i3y,"BARCELONA, SPAIN",zh,2023-03-25,47636
user_45yefmlp,"Paris, France",en,10-22-2023,37589
user_rsrg2sgy,"Dubai, UAE",de,2023-01-19,32791
user_y6jql5am,"MEXICO CITY, MEXICO",en,2023-06-02,46697
user_vy7kbd6u,"Cairo, Egypt",hi,14-Jun-2023,26320
user_cyip1pki,"Houston, USA",zh,2023-02-07,19792
user_21xbx95a,"Dubai, UAE",es,2023-01-28,37334
user_1cz5m9ov,"Beijing, China",hi,2023-01-19,18267
user_nudota2x,Singapore,pt,2023-12-01,17212
user_zmk7o7v0,"Mexico City, Mexico",ru,23-Jun-2023,14414
user_tdtogzrh,"Paris, France",hi,12-01-2023,42085
user_kjuts840,"Seoul, South Korea",zh,11-16-2023,21560
user_4f8xfwc5,"Beijing, China",ja,2023-03-23,14834
user_uwu8hunq,"Melbourne, Australia", es ,04-12-2023,47367
user_t4asqy15,"Houston, USA",ja,2023-02-28,26040
user_b0i0cdr4,"Munich, Germany",zh,06-27-2023,18616
user_zdot1vfk,"Barcelona, Spain",fr,2023-12-26,448
user_i1cf6it0,"Los Angeles, USA",ru,28/08/2023,15096
user_sd7unhlc,"Tokyo, Japan",hi,2023-06-27,7258
user_ytwjdefg,"mumbai, india",zh,2023-01-11,8878
user_gcqp6ulk,"Houston, USA",zh,2023-11-21,42234
user_c48hfo1e,"Tokyo, Japan",ja,02-Apr-2023,30991
user_mpu4oig7,"Osaka, Japan",ja,28-Feb-2023,23515
user_ffgz3fqf,"Los Angeles, USA",ja,2023-04-05,
user_61lc4emm,"Munich, Germany",pt,11-09-2023,23052
user_p9rj0hnr,"Madrid, Spain",zh,15/05/2023,48134
user_k7tyv3h1,"Mumbai, India",en,2023-12-13,24378
user_6f3gl5ci,"Los Angeles, USA",fr,16/11/2023,11240
user_g6l0e61e,"London, UK",de,2023-03-04,
user_xy0zqsx1,"Osaka, Japan",ru,2023-11-18,46574
user_romhzbq7,"Johannesburg, South Africa",fr,06-14-2023,39722
user_e6tqf43a,"Beijing, China",fr,2023-10-13,30497
user_po12745v,"Osaka, Japan",pt,2023-02-13,40728
user_rohqoenb,"Manchester, UK",en,2023-10-11,7323
user_oeg9yiqz,"São Paulo, Brazil",pt,2023-12-23,7528
user_qtpvdjjh,"osaka, japan",ar,24/12/2023,11385
user_tb4fgpus,"TORONTO, CANADA",pt,2023-10-20,6623
user_h5lkwga3,"Johannesburg, South Africa",ru,2023-04-30,26321
user_26vqb3hm,"Berlin, Germany",en,10/11/2023,8736
user_wo5zxl0h,"Melbourne, Australia",ja,04/09/2023,29999
user_xw2x8wg8,"Sydney, Australia",fr,01-05-2023,36009
user_hkiyc5fm,"Paris, France",ar,2023-10-21,125
user_7ccsgn39,"Barcelona, Spain",zh,06/07/2023,23684
user_3o7w66o2,"Berlin, Germany",ja,28-Nov-2023,49944
user_17wg6hsy,"  Lagos, Nigeria  ",pt,2023-10-27,-19199.0
user_vbe572r4,"Mumbai, India",es,2023-12-12,19318
user_uerv85na,"Rome, Italy",de,2023-04-30,1824
user_i2p1s57x,"Seoul, South Korea",es,2023-04-25,33834
user_uod57rwt,"Barcelona, Spain",en,16/04/2023,46440
user_9jvugme4,"Berlin, Germany",en,08-25-2023,-47684.0
user_tbqj08gl,"  Munich, Germany  ",ja,2023-04-29,18181
user_0jp66e6p,"São Paulo, Brazil",,21-Jun-2023,21437
user_t4fac9ry,"Lyon, France",zh,12-16-2023,45249
user_9asov0m8,Singapore,hi,2023-10-09,49763
user_t7iq5b8i,"  São Paulo, Brazil  ",es,24/10/2023,N/A
user_ktq7v6k9,"Paris, France",de,2023-03-02,26436
user_he9lmvpu,"Houston, USA",hi,2023-11-03,46685
user_v0r1gvuj,"Melbourne, Australia",zh,2023-12-25,47233
user_r0nd04lv,"Manchester, UK",hi,2023-08-17,39846
user_x6318ftx,"New York, USA",ja,2023-05-10,
user_jw3kd43r,"Dubai, UAE",hi,2023-11-06,12146
user_v90c7v7k,"Manchester, UK",en,2023-02-08,38478
user_gzmfd48k,"  Johannesburg, South Africa  ",es,2023-08-11,30865
user_aroc3ncd,"Rio de Janeiro, Brazil",hi,2023-03-24,10428
user_8az9uasg,"Cairo, Egypt",zhh,24/10/2023,6263
user_6qlz8pe6,"milan, italy",fr,01/10/2023,17169
user_7vpwoqp2,"Seoul, South Korea",zh,2023-09-14,18406
user_8i81i0p7,"Los Angeles, USA",en,2023-01-02,49518
user_tple0w0i,"Shanghai, China",pt,01-13-2023,26162
user_reqsqicb,"Toronto, Canada",hi,2023-03-04,49432
user_ga23fa19,"Toronto, Canada",fr,2023-08-11,17759
user_j7hru6kk,"Lyon, France",ar,25-Feb-2023,26012
user_ymg2zu9s,"São Paulo, Brazil",ru,2023-09-14,43449
user_hfqxjqrc,"Vancouver, Canada",en,09/12/2023,39278
user_wdvt8sn8,"Lagos, Nigeria",,18/10/2023,44991
user_olqc0pfx,"Munich, Germany",pt,30-Apr-2023,19479
user_p382lkdc,"New York, USA",,15-Aug-2023,23676
user_261d32en,"Seoul, South Korea",es,2023-01-15,12160
user_mjgvhs2g,"Los Angeles, USA",pt,10/06/2023,42942
user_9nowwm9z,"Shanghai, China",pt,12-18-2023,43032
user_st7yzsas,"Lyon, France",ru,2023-08-29,9870
user_skkg3n6w,"Lagos, Nigeria",fr,2023-11-20,43957
user_0digod7y,"cairo, egypt",ar,2023-07-31,27536
user_najfasrj,"LONDON, UK",ja,2023-12-01,3919
user_uioec9tu,"Rome, Italy",pt,17-Jun-2023,26060
user_bq4m0de9,"Munich, Germany",zh,2023-08-21,47615
user_v1jddj2m,"Osaka, Japan",fr,2023-09-29,40890
user_egkvyaal,"Beijing, China",zh,2023-08-27,47080
user_xwnpfnpm,"Delhi, India",es,21-Feb-2023,35374
user_j5okaapb,"Beijing, China",ar,2023-01-04,22563
user_ufolriaa,"MANCHESTER, UK",fr,01-31-2023,13928
user_ihrxnz9u,,fr,2023-12-09,18006
user_17homyqe,"Toronto, Canada",en,2023-07-27,4887
user_ruzvsfpj,"Beijing, China",en,2023-11-23,7098
user_9rojnpuf,"Milan, Italy",en,12/05/2023,46823
user_bowkbcof,"Los Angeles, USA",ja,2023-03-12,40966
user_q3gj5tmv,"Beijing, China",JA,04-17-2023,33820
user_jm7686o2,"Rome, Italy",en,2023-03-23,3152
user_29wn0kte,"Shanghai, China",es,05-07-2023,24106
user_13595b5a,"Delhi, India",es,2023-02-14,28095
user_fchpzhlh,"Shanghai, China",pt,2023-08-03,
user_r9mokwet,"Barcelona, Spain",ja,02-26-2023,22734
user_ewvhln58,"Seoul, South Korea",fr,2023-08-01,29588
user_mzrknkeu,"Manchester, UK",en,21/12/2023,24439
user_lyccsofd,"Manchester, UK",hi,06-Oct-2023,10310
user_ien1skk9,"London, UK",pt,2023-01-23,23189
user_0z594tjp,"Lyon, France",zh,25-Feb-2023,36674
user_ho2plm16,"Houston, USA",en,28/11/2023,37616
user_1fg1p9nd,"Mumbai, India",de,30/11/2023,28852
user_jh3b8sqc,"São Paulo, Brazil",zh,2023-02-23,7366
user_qfjg4dgu,"Rome, Italy",hi,2023-12-03,9926
user_086yixlz,"Paris, France",AR,2023-04-29,36105
user_0lbnqegj,"Osaka, Japan",ru,30-Mar-2023,6358
user_ysboqq66,Singapore,pt,2023-01-07,22756
user_fgjkkrie,"Lyon, France",zh,07-13-2023,
user_k7r639d6,,de,2023-05-14,358
user_h6g9kjdx,"Delhi, India",de,2023-03-12,2191
user_44h4xl31,"Houston, USA",ru,2023-11-12,48691
user_oj02wstg,"Toronto, Canada",zh,06/11/2023,36121
user_k05n8c60,"Mumbai, India",,2023-01-25,4399
user_eyak9wgy,"Cairo, Egypt",fr,2023-03-18,34393
user_hvqqyzoi,"Melbourne, Australia",zh,10/11/2023,3213
user_a0oggtxs,"New York, USA",ar,21/02/2023,27627
user_vx8uw7j8,"Osaka, Japan",zh,24/06/2023,19339
user_tzroeifo,"Melbourne, Australia",pt,11-09-2023,6268
user_2f0wwm7k,"Rio de Janeiro, Brazil",ja,2023-02-20,38582
user_iydubon4,"Toronto, Canada",hi,25/11/2023,3178
user_0281t7ll,"Houston, USA",de,30-Jul-2023,20201
user_f2smsclm,"Paris, France",fr,10/09/2023,5978
user_ugd6vymw,"Rome, Italy",hi,2023-10-31,40742
user_pd05k44w,"Dubai, UAE",es,2023-08-19,7370
user_rgmvy3e1,"London, UK",ja,21/12/2023,13458
user_pz96evl4,Singapore,hi,10/05/2023,30021
user_5k81svok,"Milan, Italy",de,2023-08-19,8124
user_ha9bzru4,"Toronto, Canada",de,09/04/2023,N/A
user_wawwrvtc,"Berlin, Germany",en,02-May-2023,35269
user_14ibkds2,Singapore,ar,26-Jun-2023,-7361.0
user_nwe87ftw,"Chicago, USA",zh,16/12/2023,20021
user_d71eor1s,"Milan, Italy",de,05-10-2023,21073
user_zwtxksrs,"Houston, USA",es,13/12/2023,1009
user_7vp5lq28,"Mexico City, Mexico",es,21/12/2023,27066
user_eveg7bqi,"Manchester, UK",ja,2023-04-27,2633
user_v5erx0ex,"Barcelona, Spain",hi,26-Apr-2023,17290
user_7selb7kr,"Rio de Janeiro, Brazil",de,2023-11-18,28542
user_2kmgah02,"Houston, USA",en,2023-04-15,49291
user_fw6e06ah,"Lyon, France",ja,25-May-2023,25305
user_t7oaimb8,"Madrid, Spain", en ,2023-10-28,462090.0
user_6sfxy8pg,"cairo, egypt",ru,2023-08-12,20348
user_rtd4u49d,"Toronto, Canada",pt,11-05-2023,10756
user_1461f2hf,"Lagos, Nigeria",ar,2023-03-18,44644
user_6p4r01di,"Beijing, China",hi,2023-02-07,41418
user_wojoag7g,"Rio de Janeiro, Brazil",es,2023-04-05,18813
user_718ipw64,"Osaka, Japan",es,16-Apr-2023,46870
user_m41ak7tz,"Shanghai, China",hi,08-30-2023,1498
user_z9ike75w,"Cairo, Egypt",ru,13/02/2023,29257
user_4wxjuaif,"NEW YORK, USA",en,27/12/2023,39522
user_iie5vu9r,"Los Angeles, USA",fr,12-19-2023,46501
user_h39vyus8,"Berlin, Germany",pt,2023-01-28,38397
user_nocj2u22,"MUMBAI, INDIA",hi,2023-08-20,24513
user_3obvzmc6,"Johannesburg, South Africa",es,02-May-2023,40810
user_zgfowqqb,"Munich, Germany",de,2023-11-30,34765
user_5l88n5x2,"Tokyo, Japan", ru ,2023-08-16,8779
user_bcl4gqby,"São Paulo, Brazil",ar,2023-05-11,20758
user_guruu55k,"Mexico City, Mexico",en,03-30-2023,11260
user_x24wilk1,"LONDON, UK",ru,12/09/2023,35907
user_uha46wkt,"Tokyo, Japan",es,12-Jan-2023,36894
user_52mjcujd,"  Chicago, USA  ",en,2023-12-25,20543
user_ph0q514v,"Paris, France",PT,2023-01-16,31556
user_fjvrclrt,"Munich, Germany",ar,2023-05-22,23614
user_bov4fbd2,"Beijing, China",en,25/03/2023,29205
user_dfogxwx0,"London, UK",ar,09-Sep-2023,9419
user_xw9kkgik,"Lagos, Nigeria",de,06-04-2023,12357
user_ustdftr6,"Cairo, Egypt",ar,09/12/2023,8723
user_pmor94x3,"Mumbai, India",zh,24-Mar-2023,7510
user_hz0arhtv,"Toronto, Canada",en,16/10/2023,12039
user_rtp2dykx,"Berlin, Germany",es,07/06/2023,14113
user_ku7fboeu,"Osaka, Japan",ja,2023-08-26,41538
user_y4xv4is3,"Shanghai, China",enn,15-Sep-2023,41063
user_q8v94nlh,"Houston, USA",ar,2023-07-16,21147
user_4f8e57uf,"Paris, France",DE,2023-07-28,38172
user_3k0yqpvo,"Tokyo, Japan",es,12-14-2023,247
user_6jacneh7,"Beijing, China",ja,2023-05-29,32844
user_6gy6nrlo,"Mumbai, India",hi,2023-04-25,17618
user_zhouqige,"Munich, Germany",zh,14/02/2023,38584
user_d88b8qoh,"São Paulo, Brazil",en,02-12-2023,1569
user_oki4xfhu,"São Paulo, Brazil",es,23/10/2023,42213
user_1tx7gaza,"Vancouver, Canada",ru,2023-01-02,41034
user_l35h2ubs,"São Paulo, Brazil",ar,2023-10-24,30281
user_uo5emkil,"Barcelona, Spain",de,22/01/2023,21276
user_96h74y72,"johannesburg, south africa",zh,05/01/2023,11114
user_bexy30h4,"Mumbai, India",en,04-14-2023,44016
user_0irp4abu,"TORONTO, CANADA",hi,14-Dec-2023,44206
user_69szlmwo,"New York, USA",zh,05-Nov-2023,15267
user_unr2aqgd,"Cairo, Egypt",ja,2023-12-30,9404
user_uo7cfsb2,"Munich, Germany",de,2023-04-11,3966
user_puypdmp1,"Milan, Italy",zh,2023-12-29,13965
user_ny9vh0cg,"Chicago, USA",ja,2023-03-30,6479
user_xk2789p4,"Barcelona, Spain",hi,2023-04-05,42164
user_sb41iss4,"Beijing, China",ar,2023-12-19,21850
user_sypzgjkq,"Houston, USA",es,2023-01-08,251
user_l69l878q,"Milan, Italy",pt,2023-04-11,5305
user_nsycb2gi,"New York, USA",ja,2023-12-15,49104
user_oaiwrlyl,"Rio de Janeiro, Brazil",fr,08-05-2023,29790
user_cyhf4eor,"Houston, USA",ES,2023-06-03,14374
user_w8tmoixg,"Dubai, UAE",ru,2023-05-06,26227
user_va78mz39,"  Vancouver, Canada  ",ru,13/12/2023,34585
user_ft4u9ffd,"Los Angeles, USA",pt,2023-09-02,48667
user_g8q08z4s,"Seoul, South Korea",es,2023-02-14,19765
user_xetn4exw,"Dubai, UAE",ja,08-09-2023,14902
user_xjul716c,"Mumbai, India",ru,12/05/2023,23780
user_vws4jlpy,"Delhi, India",ar,16/07/2023,28204
user_bkblavjw,"London, UK",es,2023-09-23,32729
user_wv5x4t03,"Houston, USA",ja,2023-01-01,28162
user_j9uoodiz,"New York, USA",jaa,03/05/2023,15236
user_y1n8mr0y,"Tokyo, Japan",pt,22/11/2023,35073
user_8h6gfa0x,"  Toronto, Canada  ",es,2023-10-11,14596
user_t69el5p0,"Dubai, UAE",ru,30/09/2023,47601
user_f7siruac,"Milan, Italy",es,2023-02-01,42293
user_eh4ki1e0,"Paris, France",hi,2023-04-07,35006
user_guglt5jp,"Berlin, Germany",ja,2023-10-23,38963
user_ffnoykfo,"Barcelona, Spain",pt,2023-02-07,37122
user_tmp5lmrb,"São Paulo, Brazil",fr,03-12-2023,20446
user_w5e6fyqi,"Rome, Italy",ar,2023-09-01,22994
user_nr13gfvy,"Madrid, Spain",zh,2023-05-01,29449
user_b2k6dv8u,"Osaka, Japan",ar,13-Jun-2023,27707
user_o8hhe4wa,"Johannesburg, South Africa",en,23/03/2023,6637
user_f7gw8r95,"Manchester, UK",zh,21-Oct-2023,14142
user_siuvpkza,"Chicago, USA",en,2023-09-05,49905
user_lud7izx7,"Paris, France",ru,13/01/2023,31791
user_86lxvpfg,"Lagos, Nigeria",pt,2023-01-06,12675
user_pepwpd8e,"Lyon, France",pt,2023-05-27,4752
user_oxswrjmr,"Delhi, India",ja,2023-12-12,48467
user_bxx2q7ss,"Manchester, UK",zh,2023-03-01,32190
user_1ufvqzqz,"Manchester, UK",ru,12/06/2023,40348
user_x7umkbiv,"New York, USA",pt,2023-07-25,19280
user_giqj8qez,"New York, USA",pt,2023-03-08,30904
user_a9ysjusm,"Barcelona, Spain",zh,2023-07-22,21394
user_lkkaeb12,"Osaka, Japan",en,25/03/2023,36871
user_248wgev4,"Osaka, Japan",zh,16-Mar-2023,9888
user_zp2gw1bo,"Chicago, USA",de,2023-01-20,4869
user_i11d4wfo,"Shanghai, China",ar,2023-05-30,43184
user_yd705rj9,"Los Angeles, USA",zh,2023-02-11,46165
user_dcovm3wj,"Mexico City, Mexico",fr,21/09/2023,41224
user_x3e3o9nf,"  Cairo, Egypt  ",fr,2023-10-17,14201
user_681nimaz,"Delhi, India",ru,15/07/2023,25239
user_w1ocsyld,"Johannesburg, South Africa",fr,01/02/2023,39536
user_o14tbxsc,"Barcelona, Spain",fr,22/06/2023,33313
user_gbfw65um,"Dubai, UAE",,01-21-2023,3210
user_kr0ydzhh,"Barcelona, Spain",FR,18/06/2023,49836
user_dvoklay9,"Rio de Janeiro, Brazil",en,2023-04-01,47705
user_oo2yuqwk,"Mumbai, India",zh,08-Feb-2023,29705
user_4ol58cyf,"Lyon, France",fr,2023-12-24,22618
user_84k7x6zn,"Barcelona, Spain",ja,2023-10-23,49736
user_jlw733x7,"Shanghai, China",ar,2023-08-10,39303
user_1s351pwn,"Mexico City, Mexico",ess,2023-04-15,
user_0tn4l0qh,"DUBAI, UAE",de,22/08/2023,26141
user_ouh6yqhh,"Melbourne, Australia",de,2023-07-20,10787
user_lpbl0f5y,"Osaka, Japan",ru,2023-12-30,14003
user_zfu8q0ih,Singapore,en,09-30-2023,27732
user_u51hbic9,"Milan, Italy",zh,2023-08-08,3531
user_afdu5gw9,"Rome, Italy",hi,2023-11-23,31784
user_cntp6452,"Shanghai, China",pt,2023-10-04,11329
user_fq6l7e80,"Dubai, UAE",ja,2023-08-08,39668
user_cgajq4il,"Lyon, France",hi,2023-03-23,13722
user_8hwimj2y,"Barcelona, Spain",hi,2023-07-09,34130
user_6mon7624,"Dubai, UAE",ja,2023-06-13,26804
user_bnum1ru1,"milan, italy",zh,2023-06-22,13604
user_asywpn6e,"Paris, France",en,06-20-2023,28990
user_ybzvk37m,"Paris, France",fr,23-Nov-2023,41467
user_bs6fwfa7,"Sydney, Australia",pt,14-Jan-2023,8103
user_d3z3d8ys,"Mumbai, India",en,2023-03-12,25077
user_1nt0zhsu,"Toronto, Canada",ru,24/10/2023,45771
user_owfyy4u0,"Mexico City, Mexico",ru,2023-05-06,31183
user_l29bqzje,"mumbai, india",de,2023-05-20,14125
user_p84zb3bc,"São Paulo, Brazil",fr,08-21-2023,1245
user_58if8cys,"Madrid, Spain",ar,2023-12-10,12998
user_c66mua3o,"Rome, Italy",hii,05-09-2023,34339
user_e5q8f7ve,"Rio de Janeiro, Brazil",fr,06-12-2023,43303
user_7tzoxyvz,,en,04-01-2023,29119
user_tlwy34pg,"New York, USA",es,2023-12-29,-24453.0
user_mbfbjjix,"New York, USA",zh,2023-06-09,11084
user_y0v0eo61,"Berlin, Germany",hi,2023-01-03,12771
user_8c6s6m9l,"Johannesburg, South Africa",fr,2023-05-27,45852
user_i4197bhy,,es,06-20-2023,37933
user_acrnl9py,"Vancouver, Canada",zh,2023-01-24,5971
user_ujllj1n7,"Chicago, USA",es,2023-12-04,49855
user_i52at5kz,"Vancouver, Canada",pt,11-May-2023,5608
user_8ana73xc,"Houston, USA",pt,23-Apr-2023,28463
user_f1zb31m9,"Shanghai, China",es,30/05/2023,46628
user_d4eat3v3,"Tokyo, Japan",de,2023-07-22,49914
user_58rc29a2,"Munich, Germany",fr,2023-09-28,29379
user_cqevrtnt,"Johannesburg, South Africa",ja,2023-12-04,5823
user_9q2g628y,"Paris, France",de,31-Mar-2023,23755
user_n0t4gjjd,"osaka, japan",de,18/08/2023,N/A
user_wwk361ip,"Paris, France",fr,17/02/2023,25982
user_ecizeoah,"MUNICH, GERMANY",de,09-30-2023,39544
user_b92nfvv0,"Dubai, UAE",zh,06/01/2023,21546
user_zqzqyysg,SINGAPORE,ru,2023-02-07,30088
user_45oah4w1,"Tokyo, Japan",hi,2023-09-25,43306
user_o7ao5viq,"Dubai, UAE",zh,14/11/2023,19308
user_2a5282v7,"Toronto, Canada",hi,2023-10-13,18564
user_wr2785sn,"New York, USA",AR,05/12/2023,12713
user_93hbc8xe,"Mumbai, India",zh,12-23-2023,33087
user_mkqbrm43,"Houston, USA",de,2023-01-14,16581
user_qiao0yuu,"Milan, Italy",fr,08-16-2023,18414
user_00evmn72,"Johannesburg, South Africa",hi,28/03/2023,28265
user_fb59r176,"Toronto, Canada",zh,2023-10-03,41308
user_v4th5er7,"Lyon, France",ja,2023-04-28,13337
user_jqhen223,"Rome, Italy",pt,25/08/2023,1386
user_lpjugo20,"Beijing, China",zh,2023-10-30,15848
user_wq3xvu3q,"Toronto, Canada",en,24-Jun-2023,28585
user_9v1fxe3b,"Houston, USA",ru,2023-06-04,33330
user_r9b95awv,"Houston, USA",ar,01/08/2023,19206
user_jck2yka1,"Berlin, Germany",en,28-Jul-2023,47158
user_b6y23bbq,"Cairo, Egypt",fr,2023-09-15,17181
user_16e488cy,"Madrid, Spain",hi,2023-01-19,30617
user_1d3vq03j,"Osaka, Japan",hi,19-Jun-2023,5068
user_4irinnz8,"Los Angeles, USA", ru ,02/06/2023,38751
user_x0g342nz,"Houston, USA",ar,14-Feb-2023,9008
user_ag1vxq20,"London, UK",hii,27/01/2023,2589
user_cssz1rea,"Tokyo, Japan",hi,09-09-2023,7863
user_5idgm0pl,"  London, UK  ",fr,2023-04-21,19110
user_cuzig14g,"Cairo, Egypt",ar,2023-05-15,8070
user_ldp69jyi,"Houston, USA",EN,2023-08-20,10057
user_2c5wzose,"Lagos, Nigeria",zh,07-21-2023,28647
user_atwknpoi,"Lyon, France",ar,2023-07-10,41077
user_gikb0dqn,"Dubai, UAE",pt,23/03/2023,33219
user_wv2z6vw8,"Milan, Italy", ar ,2023-02-06,28937
user_qv5ox0hb,"Rio de Janeiro, Brazil",enn,2023-03-01,7724
user_wzt2ixn5,"Melbourne, Australia",ru,2023-03-01,32702
user_k9blda2m,"Shanghai, China",ar,2023-08-20,42330
user_akhce770,"São Paulo, Brazil",de,2023-11-06,30056
user_ji15uy0l,"London, UK",zh,2023-09-07,44142
user_dur7q95h,"Lyon, France",fr,2023-10-31,14508
user_0v6j8dal,"Chicago, USA",ru,10-12-2023,33723
user_2te8mebn,"Lyon, France",fr,07/09/2023,-8398.0
user_dxhhp9fo,"Manchester, UK",fr,2023-03-03,3852
user_nuzypbfw,"Rome, Italy",es,2023-01-04,20169
user_pe5yckyb,"Madrid, Spain",ru,26/07/2023,33737
user_sq4ch5k2,"Chicago, USA",en,30-Dec-2023,11867
user_3g7d4564,"Johannesburg, South Africa",pt,27-Dec-2023,36459
user_ls1b021f,Singapore,hi,2023-08-10,42127
user_bx9xyj6k,"Shanghai, China",en,29/03/2023,19618
user_51vr42t3,"Osaka, Japan",ja,2023-08-04,26761
user_jwbcsj0z,"Chicago, USA",fr,17-Oct-2023,6224
user_7ctvaq92,"Shanghai, China",de,2023-06-23,40739
user_634lriof,"London, UK",ja,21/01/2023,12327
user_4ald4jkl,"Beijing, China",pt,06-27-2023,45703
user_ivpaj0jp,"Tokyo, Japan",fr,23-Jul-2023,10547
user_ehd44os3,"Melbourne, Australia",zh,2023-09-12,44782
user_6xvmxfyf,"Melbourne, Australia",,2023-11-27,7470
user_o8le7hqf,"Paris, France",zh,2023-06-26,13313
user_qmta1cuk,"Manchester, UK",zh,11-26-2023,44187
user_2wy1g2f0,"  London, UK  ",en,02-19-2023,5197
user_i7gbnt1o,"Tokyo, Japan",ru,01/10/2023,33650
user_f2smsclm,"Paris, France", fr ,2023-09-10,5978
user_mqavwkbn,"Dubai, UAE", en ,2023-05-25,36590
user_pywq9u0v,"Dubai, UAE",zh,2023-12-27,21892
user_soj0hvzl,"Milan, Italy",de,2023-03-30,14453
user_8hs083wf,"Mexico City, Mexico",ja,26/11/2023,36208
user_9b00jr3x,"Johannesburg, South Africa",es,16/03/2023,31847
user_65x8ekq5,"Vancouver, Canada",ru,2023-05-07,11582
user_aasqf25g,"Osaka, Japan",fr,18-Feb-2023,48132
user_bnf5t5ap,"Houston, USA",hi,12-05-2023,32253
user_bdhs7x3v,"Melbourne, Australia",ru,12-Oct-2023,15799
user_1q9s4tw9,"Berlin, Germany",ja,18/02/2023,29011
user_r8fgmygb,"London, UK",zh,19-Sep-2023,5462
user_9i3o9pky,"Milan, Italy",de,08/07/2023,42591
user_qw0xi52z,,fr,2023-08-10,48086
user_oypkjogs,"Dubai, UAE",es,2023-10-31,47001
user_0eufcipi,"Beijing, China",pt,08-18-2023,27089
user_zhiuj226,"Delhi, India",hi,2023-11-19,40671
user_w4p8zi5g,"Madrid, Spain",hi,2023-02-10,7103
user_ubmd2e2f,"Madrid, Spain",zh,2023-01-26,40338
user_j3tr99n2,"Osaka, Japan",de,17-Dec-2023,23154
user_dcrkgrb5,Singapore,ja,10/03/2023,27599
user_6e99lerx,"Berlin, Germany",zh,2023-06-09,25366
user_nqv4azql,"Mexico City, Mexico",de,2023-04-18,22949
user_4kq6t8bb,"Seoul, South Korea",en,05-08-2023,38929
user_zwtc0w1c,"London, UK",,2023-12-17,5798
user_o94skjzg,"Sydney, Australia",es,15/07/2023,37281
user_b8ysn8r5,"Shanghai, China",hi,09-21-2023,49699
user_1ywmiv7e,"Manchester, UK",de,12-15-2023,41615
user_hq1akhdd,"Osaka, Japan",ja,05/09/2023,10354
user_0bjcdj9t,"Osaka, Japan",pt,2023-07-31,40001
user_vzrxsn7d,"Mexico City, Mexico",pt,2023-12-17,46857
user_frdud4v4,"Dubai, UAE",ru,15-Apr-2023,10884
user_y5urixy6,"Munich, Germany", pt ,2023-12-26,445
user_40dkmjju,"Delhi, India",ru,15/09/2023,24631
user_gdb4jae5,"Milan, Italy",en,29/11/2023,46803
user_xkd9tkjq,"Sydney, Australia",ru,15/03/2023,5902
user_bz6biydx,"Barcelona, Spain",hi,11-24-2023,15283
user_ouwnxemr,"delhi, india",fr,2023-04-12,28826
user_ptkum7pu,"Barcelona, Spain",fr,2023-09-18,32127
user_lv9ygnvu,"Dubai, UAE",hi,2023-05-25,17426
user_hdas0iau,"Rio de Janeiro, Brazil",ja,2023-10-31,1620
user_tssb52vk,"mumbai, india",ru,12/07/2023,43273
user_9ah9kjau,"Beijing, China",fr,2023-11-10,43313
user_8us9faqu,Singapore,fr,2023-09-11,15904
user_7b09zod9,"Munich, Germany",ru,2023-06-17,23147
user_ep20r6t6,"Shanghai, China",de,2023-04-27,12761
user_cud134xj,"Barcelona, Spain",ja,03-12-2023,34665
user_98oho4g9,"Berlin, Germany",es,2023-10-21,27521
user_t8lwlzoc,"Lyon, France", es ,2023-08-03,21891
user_3ycqpch5,"Houston, USA",ru,2023-07-06,140240.0
user_sdb7mjpm,"Dubai, UAE",pt,2023-01-27,14894
user_t7fnjde0,"Rome, Italy",zh,21/09/2023,15051
user_36v8f0yz,"Mexico City, Mexico",zh,26/04/2023,11654
user_z6qgqt5r,"Beijing, China",ar,2023-10-22,13029
user_d1drdipk,"  Berlin, Germany  ",fr,2023-03-14,12883
user_vdgsk6rt,"Milan, Italy",fr,2023-04-01,38095
user_7nemrhnp,"Tokyo, Japan",,21/08/2023,-33408.0
user_7xmgfrdi,"Seoul, South Korea",en,07-Aug-2023,7428
user_g271vgx2,"London, UK",fr,04-12-2023,32504
user_wggdllvb,"  Barcelona, Spain  ",fr,2023-12-01,42749
user_3zzvv8vp,"Los Angeles, USA",RU,2023-05-23,42908
user_2lslaaod,"Lyon, France",pt,10/07/2023,7105
user_ouggehu2,"Manchester, UK",zh,2023-02-27,29402
user_8l7rv5oe,"Vancouver, Canada",ru,2023-07-04,48345
user_kzbok9uv,"Beijing, China",fr,07-07-2023,11473
user_a4bx0p77,"Lyon, France",fr,26/09/2023,44508
user_9uy1b9et,"Johannesburg, South Africa",hi,2023-09-28,31376
user_rogn8kmu,"Vancouver, Canada",en,2023-01-27,21664
user_yu2w96i5,"Delhi, India",hi,19-Mar-2023,9772
user_go6yx0fm,"Berlin, Germany",zh,2023-09-16,20088
user_oudpq98k,"Mexico City, Mexico",fr,04/06/2023,44614
user_osog5p0m,"Berlin, Germany",pt,2023-03-20,21275
user_qrddznnv,"Berlin, Germany",de,05-31-2023,7821
user_jioz08hb,"Melbourne, Australia",ja,12-30-2023,11969
user_y5wi0qgb,"Rio de Janeiro, Brazil",ar,2023-01-26,43746
user_1gol317c,"Shanghai, China",ru,06-04-2023,10814
user_096zrz0x,"Beijing, China",ru,2023-09-30,44273
user_tbi3l8f9,"MILAN, ITALY",pt,11/03/2023,5446
user_pfk0frq8,"Lagos, Nigeria",de,29/01/2023,
user_j2nrh7s5,"São Paulo, Brazil",ja,07-25-2023,3512
user_i2pgjzdu,"Delhi, India",ru,16/10/2023,36881
user_jnknxe13,"Lagos, Nigeria",ar,30/08/2023,35496
user_eies3y7t,"Rio de Janeiro, Brazil",es,2023-10-27,8695
user_732cckxx,"Tokyo, Japan",ja,30/07/2023,44573
user_e4rss07t,"Houston, USA",ja,2023-07-24,578
user_94hehp26,"London, UK",ar,2023-05-02,33258
user_790dw1c4,"Vancouver, Canada",ru,23/07/2023,31515
user_slqlepta,"Lagos, Nigeria",es,2023-12-24,
user_cqaitbuv,"Johannesburg, South Africa",ja,30/06/2023,3382
user_0xtn0q1z,"Mexico City, Mexico",zh,2023-02-13,4956
user_4wv36fuu,"Osaka, Japan",fr,2023-03-31,23582
user_p9zkwsde,"Tokyo, Japan",zh,01-28-2023,22530
user_tq6e1kd2,"Melbourne, Australia",pt,06/03/2023,48440
user_lfwnie3f,"Shanghai, China",ru,2023-04-28,
user_bxjv2352,"Shanghai, China",pt,2023-10-26,41874
user_86o3waw2,"Paris, France",zh,16-Jul-2023,23964
user_v469etxv,Singapore,fr,11-15-2023,23469
user_cpxksz4r,"Toronto, Canada",,2023-09-17,49247
user_h4lueh1i,"Sydney, Australia",en,09/12/2023,17902
user_bqemwj0m,"Dubai, UAE",FR,2023-01-01,14780
user_najfasrj,"London, UK",ja,01-Dec-2023,3919
user_54fu8vw0,"Delhi, India",hi,01-05-2023,19805
user_a3pgcgw9,"São Paulo, Brazil",ru,2023-01-05,9882
user_przn32mt,"Mumbai, India",ru,08/04/2023,8050
user_vfxs1pry,"MELBOURNE, AUSTRALIA",,31/10/2023,19932
user_z9g0ws77,"Milan, Italy",es,11-28-2023,-36413.0
user_eq3xvzzh,"Cairo, Egypt",zh,19/11/2023,8670
user_74hhbvxk,"Johannesburg, South Africa",hi,2023-08-04,45091
user_gv4hxtvt,"Mexico City, Mexico",pt,29/09/2023,42219
user_084pfdpp,"Melbourne, Australia",ar,2023-02-11,33781
user_6k3wfv03,"Mexico City, Mexico",es,2023-06-09,13185
user_m2ziq5ox,"Melbourne, Australia",ja,2023-11-24,4282
user_5805b7s5,,de,07-29-2023,29193
user_otp3d47s,"Mumbai, India",de,2023-05-13,45599
user_jp89dfll,,zh,06-23-2023,47314
user_aygdsxd5,"Beijing, China",fr,2023-07-08,11602
user_8wk0j5ae,"Los Angeles, USA",zh,2023-11-01,36943
user_zeatlk93,"Mexico City, Mexico",ar,2023-11-22,17607
user_4tziovr6,"São Paulo, Brazil",zh,2023-01-27,7972
user_kuoam2mf,"Toronto, Canada",fr,2023-12-18,47454
user_k4pr4zkz,"Dubai, UAE",pt,2023-10-22,33474
user_c6zjvhsi,"Munich, Germany",pt,08-30-2023,20781
user_nv39lexw,"Chicago, USA",ar,2023-07-03,6441
user_j7xaj4fm,"Barcelona, Spain",ar,10-06-2023,35153
user_rkw2mic0,"Chicago, USA",ar,2023-01-23,21014
user_om9fk7q9,"Beijing, China",ar,2023-07-21,30691
user_qq52pl85,"Shanghai, China",pt,2023-05-10,23934
user_8hlbgldx,"  Vancouver, Canada  ",RU,2023-06-01,13905
user_chlfff5h,"Cairo, Egypt",fr,2023-02-16,11640
user_67hyf45u,"Vancouver, Canada",de,2023-04-05,898
user_3318o2cp,"Cairo, Egypt",zh,2023-07-01,2374
user_ukynz4tc,"Tokyo, Japan",ja,2023-06-26,32068
user_pgqntl35,"Chicago, USA",ruu,2023-07-15,47634
user_puoma5kg,"Shanghai, China",pt,2023-10-20,33595
user_zdj1d4y5,"London, UK",ES,2023-01-06,11492
user_3cp9v5hy,"Johannesburg, South Africa",de,26/05/2023,11273
user_4y5xrp4d,"São Paulo, Brazil",ar,2023-07-02,18904
user_0xl8jeow,"Dubai, UAE",pt,14/02/2023,24454
user_vl9qiy9k,"Rome, Italy",pt,06-11-2023,35120
user_gre0h06x,"Beijing, China",es,17/11/2023,23303
user_7ttenau3,"Milan, Italy",pt,12-10-2023,37288
user_n3hsc00d,"London, UK",de,11-08-2023,
user_bqmsj27g,"Lyon, France",ru,2023-08-29,30740
user_34epscp1,"Mexico City, Mexico",zh,2023-05-03,8767
user_gxehbnkq,"Tokyo, Japan",ru,2023-07-02,44124
user_0x2s6pho,"Shanghai, China",ja,05-28-2023,26993
user_as9qc2ya,"Paris, France",es,2023-12-02,10803
user_n7kd29ty,"São Paulo, Brazil",fr,2023-03-21,46705
user_brh0oqpe,"Lagos, Nigeria",pt,2023-04-06,45102
user_6wra58f7,"Johannesburg, South Africa",en,2023-12-29,4953
user_jf5qblgx,"Munich, Germany",JA,2023-07-25,18368
user_wjb4dk42,"Sydney, Australia",de,2023-05-24,35720
user_8euzbrz1,"Madrid, Spain",de,29/12/2023,25029
user_qjq1xtnb,"Vancouver, Canada",ar,2023-06-20,9994
user_3wi6ruy5,"Seoul, South Korea",zh,29/09/2023,28743
user_d3ymednx,"Lyon, France",zh,27/07/2023,17904
user_qvtjkfak,"Cairo, Egypt",pt,04/10/2023,25714
user_h2cc650s,"Toronto, Canada",ja,04-Sep-2023,12019
user_bb3ygvae,Singapore,ja,13-Sep-2023,3302
user_5wc8pv88,singapore,zh,2023-12-08,39341
user_w409zojg,"Cairo, Egypt",es,23-Jan-2023,
user_krbg23md,"Barcelona, Spain",ja,2023-01-25,31996
user_5c73xjvg,"berlin, germany",fr,18-Mar-2023,33817
user_22etnc8h,"berlin, germany",de,2023-02-10,N/A
user_8bcte4x2,"São Paulo, Brazil",ja,2023-10-31,46936
user_739k0164,"Rome, Italy",fr,2023-02-16,13285
user_zozhwbis,"Paris, France",de,2023-10-25,4580
user_ittg19ak,"LYON, FRANCE",fr,2023-06-04,32111
user_bouxcpei,"Milan, Italy",fr,04/05/2023,10486
user_owjibgyy,"Barcelona, Spain",en,04-Apr-2023,30139
user_hln16pdf,"Delhi, India",ar,2023-09-13,31944
user_1egrs2d8,"Sydney, Australia",ja,2023-08-13,17538
user_jbexdryn,"Barcelona, Spain",zh,2023-12-20,35471
user_15lozcpe,"MEXICO CITY, MEXICO",zh,28/07/2023,44345
user_498vaurf,"Dubai, UAE",zh,24-Feb-2023,39939
user_ke2aznap,"Dubai, UAE",ru,19/07/2023,25705
user_q73dl3ap,"Mumbai, India",en,08-09-2023,21528
user_j3u6uwnr,"chicago, usa",hi,01/12/2023,28369
user_ff9hvncb,"Madrid, Spain",hi,2023-04-23,44674
user_0xdo28q7,"Vancouver, Canada",ja,20/06/2023,21353
user_52nwb0a6,"Melbourne, Australia",pt,2023-10-31,17113
user_8wm37pk5,"Dubai, UAE",pt,2023-07-03,5193
user_gphppr64,"Chicago, USA",ar,08-17-2023,6219
user_csluibwk,"Tokyo, Japan",pt,2023-09-08,
user_9ksxfq3r,"Manchester, UK",zh,2023-03-18,49368
user_y1nqrc5b,"Beijing, China",ru,2023-09-23,27900
user_1xh81tt1,"Rio de Janeiro, Brazil",en,2023-10-25,12104
user_cl1v5t2j,"Dubai, UAE",en,2023-01-23,11334
user_m5o36yfr,"rio de janeiro, brazil",ar,11/08/2023,36159
user_9odm77d5,"Madrid, Spain",de,2023-01-26,13443
user_g9g7onlw,"Munich, Germany",de,2023-07-19,7981
user_4mu1c80o,"Houston, USA",fr,13-May-2023,11711
user_t028mbub,"Osaka, Japan",en,04-21-2023,49727
user_8nvzxsuj,"Vancouver, Canada",es,2023-12-03,36383
user_lvmec9t6,"Los Angeles, USA",ja,2023-03-31,7089
user_0o5ujsl6,"Tokyo, Japan",en,17/04/2023,48064
user_wbk1x0kc,"Vancouver, Canada",fr,06/01/2023,41361
user_m39invb2,"Rome, Italy",en,2023-11-23,47668
user_7e3umebc,"Madrid, Spain",zh,06-09-2023,7547
user_z9zzi99c,"New York, USA",hi,07/03/2023,27660
user_t0di0wp6,"Milan, Italy",ar,2023-01-20,4750
user_e8m3xd6h,"Osaka, Japan",fr,2023-04-21,40451
user_kktxhpej,"Delhi, India",zh,2023-08-27,31051
user_f3mpmelw,"LAGOS, NIGERIA",es,01-15-2023,42636
user_hk65gky5,"Lagos, Nigeria",pt,05-17-2023,23277
user_do27uxxo,"Seoul, South Korea",es,17/04/2023,17481
user_d0hubs9a,"Chicago, USA",pt,21/11/2023,38107
user_v3iny1iu,"Seoul, South Korea",de,03-25-2023,39123
user_q562no7n,"New York, USA",en,2023-04-27,18511
user_0j0vawcx,"houston, usa",ja,20/08/2023,16446
user_mc45jax7,"Madrid, Spain",en,08-09-2023,32003
user_j5s6xg7p,"Dubai, UAE",fr,2023-11-21,22365
user_2ytzut7i,"Mumbai, India",fr,2023-12-03,17064
user_peh5363f,"Munich, Germany",ja,09-08-2023,5225
user_46nz84dw,"Madrid, Spain",ja,2023-09-28,15483
user_4snqim59,"Paris, France",pt,03/07/2023,20152
user_j4z9koyz,"Shanghai, China",zh,23/05/2023,20300
user_74ipdtjp,"Tokyo, Japan",fr,01/04/2023,42718
user_8v39sv2i,"London, UK",pt,06-26-2023,36198
user_7fzzash4,"Milan, Italy",ar,11/07/2023,15535
user_xyvxp8vz,"London, UK",de,2023-02-01,6702
user_2suxlz6r,"Toronto, Canada",de,2023-06-26,24550
user_py6fq7ii,"Delhi, India",de,2023-04-19,18940
user_xnin9vng,"Munich, Germany",es,2023-12-31,35176
user_cfz014a5,"Munich, Germany",zh,12-06-2023,44736
user_tjzr3rrj,"New York, USA",fr,26-May-2023,5652
user_cax2bqkt,"Milan, Italy",es,02-18-2023,2589
user_y0n4ki5k,"Rome, Italy",hi,16/04/2023,45836
user_vmq5ek39,"Madrid, Spain",pt,2023-05-02,25187
user_cgba70jv,"Chicago, USA",fr,2023-05-19,24984
user_k2v87420,"Barcelona, Spain",ru,12-21-2023,14719
user_hl5t4pj7,"Shanghai, China",fr,09-12-2023,6995
user_5e47gk4r,"Milan, Italy",en,31/12/2023,41079
user_nfo3ih5u,"Barcelona, Spain",ar,2023-10-29,40429
user_vzkc4eex,"Madrid, Spain",en,2023-05-17,34062
user_94mzsiik,"Cairo, Egypt",en,2023-10-29,43471
user_m0adcouo,"Beijing, China",hi,2023-12-23,19858
user_4a0layyx,"Johannesburg, South Africa",zh,04-04-2023,39364
user_de1ix2nc,"Houston, USA",de,2023-04-02,5659
user_dkrkjvcx,"Melbourne, Australia",ja,2023-08-31,6682
user_n52gcr0a,"Paris, France",hi,2023-05-02,10771
user_653h4bmg,"Berlin, Germany",de,2023-07-11,38484
user_t56uvdd8,"Mumbai, India",ar,2023-04-28,15578
user_alnj3vsd,"New York, USA",ja,11-16-2023,28413
user_e3cwapff,"Los Angeles, USA",zh,10/07/2023,14722
user_2bqhmzq3,"Milan, Italy",pt,08-Oct-2023,30207
user_5ifruk1b,"New York, USA",de,11-15-2023,3442
user_zsoad3v2,"Mumbai, India",fr,07-Mar-2023,16574
user_ral75hq0,"Shanghai, China",ja,01/06/2023,15628
user_b1p3wz81,"Munich, Germany",zh,2023-05-06,24644
user_0c5vu9wm,"Lagos, Nigeria",ru,27/09/2023,43214
user_kk7dutiy,"Rio de Janeiro, Brazil",en,05/01/2023,19785
user_d7fndosg,"Toronto, Canada",ja,17-Sep-2023,3708
user_mtg94j65,Singapore,es,01-09-2023,20212
user_ji15uy0l,"  London, UK  ",zh,09-07-2023,44142
user_wny0eggt,"tokyo, japan",pt,2023-02-09,7793
user_8cnur462,"Melbourne, Australia",es,06-22-2023,2916
user_7qyvw1tf,"New York, USA",fr,13/10/2023,17660
user_2cw1ku4n,"Osaka, Japan",fr,09-03-2023,21168
user_8ko1uayz,"Mumbai, India",ar,16/10/2023,26642
user_fmv8168w,"Munich, Germany",fr,18/08/2023,32817
user_jc5pei2a,"Seoul, South Korea",ar,05-21-2023,9428
user_cgjc9dik,"Los Angeles, USA",ja,26/06/2023,14179
user_d8ouiga8,"los angeles, usa",de,2023-04-06,52700.0
user_zw0wri6o,"Sydney, Australia", de ,2023-12-14,7304
user_yjzkhyez,"Tokyo, Japan",ar,2023-08-20,5089
user_xe0wxe5p,"Osaka, Japan",de,2023-10-16,15012
user_2kpx7bq7,"Manchester, UK",zh,02/08/2023,19540.0
user_2s55cc9o,"Melbourne, Australia",ja,01-15-2023,33673
user_8gk2so0l,"Melbourne, Australia",hi,11-03-2023,44235
user_tv6wlfth,"Manchester, UK",pt,31-Jan-2023,34803
user_d0m2tiau,"Seoul, South Korea",ru,2023-06-04,8439
user_488o0j8b,"Sydney, Australia",en,2023-07-06,N/A
user_jxoe2fqh,"Shanghai, China",de,2023-06-17,3525
user_vu9y0rv6,"Madrid, Spain",fr,2023-07-31,45870
user_l8ovyk6s,"New York, USA",ja,08/10/2023,30100
user_9lyd7sqy,"Melbourne, Australia",zh,2023-09-05,27460
user_5bifiovr,"Johannesburg, South Africa",zh,2023-05-11,44077
user_1rcpzj4g,"Osaka, Japan",arr,2023-02-03,40768
user_ern153cu,"Rome, Italy",ar,23-Jan-2023,25695
user_jca45sot,"Mumbai, India", zh ,07/12/2023,35921
user_potbol01,"Munich, Germany",hi,2023-10-21,26392
user_k050ttnw,"Shanghai, China",ru,05-10-2023,48576
user_5r58l1kr,"Osaka, Japan",zh,13/09/2023,23520
user_7zljw927,"Lagos, Nigeria",ar,19-Jun-2023,15964
user_df7hi7fy,"London, UK",ja,2023-09-05,25475
user_nhmgke5n,"Rio de Janeiro, Brazil",de,2023-12-03,9937
user_m3w9lbt0,"Seoul, South Korea",zh,27-Oct-2023,24034
user_mvu6hdsm,"London, UK",fr,31/07/2023,7432
user_t38nl55r,"Berlin, Germany",ja,2023-06-09,6743
user_hydwb1c4,"Vancouver, Canada",de,2023-08-18,
user_s7fkmb0p,"HOUSTON, USA",ar,2023-07-14,357800.0
user_jnal1xxn,"Los Angeles, USA",zh,2023-10-28,8823
user_qyjwwu3o,"Beijing, China",zh,2023-01-14,39819
user_3dxz5ulg,"  Munich, Germany  ",pt,07/10/2023,24698
user_xa1s1sd5,,es,2023-11-26,37758
user_2tbdto09,"Melbourne, Australia",es,2023-01-17,15224
user_68enpikx,"Houston, USA",en,26-Jul-2023,9364
user_v85ub55d,"London, UK",pt,10/04/2023,39315
user_zlwfitj0,"Chicago, USA",ja,06/03/2023,3699
user_gxi7j44a,"Barcelona, Spain",zh,06-Jul-2023,5221
user_xi0hyp64,"Barcelona, Spain",en,11-14-2023,5346
user_vwiysddq,"Chicago, USA",ar,04/02/2023,32766
user_oo2afkvn,"Madrid, Spain",es,2023-11-04,N/A
user_52uwmqq1,"New York, USA",es,2023-12-11,19204
user_nd1s5fa0,Singapore,en,2023-12-05,29151
user_1idhro2x,Singapore,es,2023-05-26,22564
user_zwe31kzt,"Rio de Janeiro, Brazil",en,03-27-2023,31220
user_4si1kva2,"Johannesburg, South Africa",ar,2023-10-08,48682
user_wxx3ex8f,"Milan, Italy",fr,10/07/2023,31724
user_zbmsjsbn,"Shanghai, China",ru,04/12/2023,25016
user_k50p8lf4,"Berlin, Germany",ess,2023-07-02,10744
user_yh4mti67,"Milan, Italy",de,04-Nov-2023,28053
user_smlx8234,"Mumbai, India",ru,2023-03-07,23563
user_he4o0aak,"Paris, France",ja,2023-01-04,42872
user_otnej75v,"Los Angeles, USA",en,02-06-2023,31079
user_8776jund,"Delhi, India",en,2023-03-07,21147
user_9iukejuf,"Manchester, UK",en,2023-04-03,13279
user_yvvywn4j,"Los Angeles, USA",de,2023-02-07,41000
user_s87enj6b,"Mexico City, Mexico",ar,11-Mar-2023,43476
user_io0r2qdo,"Munich, Germany",zh,03-26-2023,13641
user_ear3km1w,"Barcelona, Spain",ru,2023-08-01,2797
user_37dj1hp7,"Dubai, UAE",fr,2023-08-11,28253
user_mb4v71r8,"Manchester, UK",fr,2023-02-01,34078
user_5s9ifp0y,"Barcelona, Spain",hi,10-29-2023,28412
user_b6i17ydd,"Chicago, USA",ru,2023-09-14,45937
user_shca6bkp,"London, UK",zh,2023-10-27,33313
user_nlubv6mf,"Vancouver, Canada",fr,2023-08-18,41962
user_n7owi8hd,"Beijing, China",fr,12-29-2023,-40734.0
user_u7cey8cm,"Mumbai, India",fr,2023-05-23,32295
user_pg6yqnrb,"Delhi, India",,2023-04-30,30432
user_bqp8mrav,"Shanghai, China",ar,26-Sep-2023,17025
user_lialzqfp,"Lagos, Nigeria",ru,2023-01-26,47637
user_cpgiv9pb,"Berlin, Germany",pt,17-Dec-2023,22450
user_sf86dv0x,"Lyon, France",zh,2023-08-24,42384
user_acjcz2y7,"Tokyo, Japan",en,2023-06-11,35112
user_h8y1m5k9,"Barcelona, Spain",en,02-09-2023,38418
user_5a2qumkk,"Madrid, Spain",es,06/04/2023,45960
user_yox4craa,"Melbourne, Australia",ja,04-22-2023,24319
user_52k9e623,"Rome, Italy",ja,05-23-2023,
user_60qt3bld,"Toronto, Canada",hi,2023-01-10,39963
user_zz4hfjm7,"São Paulo, Brazil",ja,14/09/2023,18075
user_icpx666o,"Chicago, USA",es,2023-02-28,36087
user_wzdzaxo6,"Dubai, UAE",de,2023-03-27,13486
user_gb2vq8n8,Singapore,en,2023-06-17,22892
user_44c2rr04,"Mumbai, India",ar,26-Oct-2023,33035
user_x4incpcb,Singapore,en,2023-05-10,3061
user_5oe5t3js,"London, UK",ja,02-08-2023,3151
user_g2dekwc7,"Madrid, Spain",es,2023-06-06,3698
user_zeija5lf,"Munich, Germany",ar,2023-03-19,41461
user_jl5j801v,"Los Angeles, USA",ru,02-24-2023,24657
user_707p97km,"Lyon, France",es,2023-09-08,3039
user_yti77nnr,"Toronto, Canada",en,05-15-2023,24728
user_wv8uyimq,"Los Angeles, USA",ja,11/05/2023,5498
user_lynilnsu,"  Paris, France  ",ar,2023-12-14,5827
user_dz860k6t,"Mexico City, Mexico",ru,2023-09-06,22727
user_dalm2g0s,"Sydney, Australia",hi,25-May-2023,47363
user_54ebzr3z,"London, UK",zh,30-Aug-2023,606
user_bpm9h48i,"Rio de Janeiro, Brazil",es,2023-04-03,16456
user_bijy5emr,"Barcelona, Spain",zh,08-08-2023,3165
user_668nidxi,"São Paulo, Brazil",pt,2023-07-24,17277
user_0rnh8g2o,"Beijing, China",ru,2023-08-31,41241
user_5ucdzep1,"Rio de Janeiro, Brazil",de,2023-05-28,40859
user_ei2dj82r,"Beijing, China",EN,2023-12-31,39910
user_lk8wtuqr,"Vancouver, Canada",ja,2023-09-21,32276
user_r94xmwwi,"São Paulo, Brazil",ja,2023-09-23,13366
user_izlngxn6,"Shanghai, China",pt,02/05/2023,
user_maie4mnu,"Delhi, India",ru,2023-07-20,27256
user_kk8r2fjf,"RIO DE JANEIRO, BRAZIL",ar,14/04/2023,12935
user_mzxfajfz,Singapore,hi,2023-02-28,24372
user_xn2a0g8z,"Shanghai, China",ru,06-14-2023,45029
user_3e6vbpgy,"Mumbai, India", ar ,2023-02-26,25969
user_outa8g9m,"Milan, Italy",es,03-31-2023,
user_4ofue7ij,"Vancouver, Canada",hi,2023-04-01,25917
user_4bgfq7v1,"Rome, Italy",ar,03-17-2023,22396
user_h7u7wi0n,"Delhi, India",ja,2023-06-17,37912
user_eyryqg4c,Singapore,en,14/08/2023,42446
user_6ftbnlhg,"  Seoul, South Korea  ",ru,2023-04-22,42376
user_golhwj2p,"New York, USA",de,2023-05-30,-22862.0
user_ooywbljj,"Dubai, UAE",ja,2023-01-16,45700
user_xbe6b7kn,"Mumbai, India",ja,2023-08-26,N/A
user_49plobvw,"Shanghai, China",es,2023-04-06,8470
user_gtz1vf91,"Barcelona, Spain",ja,28-Jul-2023,27386
user_3pd2fily,"Rome, Italy",pt,04-22-2023,3536
user_ceim4vux,"Seoul, South Korea",hi,13/11/2023,40811
user_dxyefwh5,"Tokyo, Japan",fr,2023-02-01,47791
user_xy18u6gg,"Milan, Italy",pt,11/11/2023,22786
user_yt2525cx,"Beijing, China",ja,10-09-2023,13894
user_fumgsyfe,"Los Angeles, USA",es,03-18-2023,40156
user_lq94qyn2,"Chicago, USA",en,2023-12-07,-33879.0
user_zdwf8afd,"Paris, France",zh,2023-10-12,-13554.0
user_cefi5hpb,"Johannesburg, South Africa",,07-26-2023,15895
user_lsi8z95w,Singapore,ja,2023-02-12,9000
user_bmay5rsp,"Cairo, Egypt",pt,2023-11-08,30587
user_lq24e3b9,"Toronto, Canada",ja,2023-02-26,28620
user_3j8m535e,"Tokyo, Japan",ar,2023-06-28,24336
user_d6tkz8qs,"Rio de Janeiro, Brazil",fr,04-09-2023,43203
user_c7t5ufm1,"Tokyo, Japan",ja,2023-08-02,30697
user_vdzbq60d,"São Paulo, Brazil",de,21/05/2023,25387
user_sfnffvo4,"Vancouver, Canada",en,2023-12-15,42582
user_4h468qeh,"Munich, Germany",ru,2023-09-25,31209
user_oy2uc0b2,"Madrid, Spain",hi,10-24-2023,19124
user_xvjv6y6x,"Los Angeles, USA",es,2023-03-26,13992
user_4xle01hd,"Paris, France", ar ,05-05-2023,9516
user_uumiilnv,"Houston, USA",es,09-01-2023,1568
user_jxfroxq0,"  Paris, France  ",ru,11-24-2023,36948
user_7m4jcssq,"Rome, Italy",hi,02-26-2023,1114
user_tyte2cxw,"Chicago, USA",ru,08-29-2023,7823
user_4k5n0jkk,"Munich, Germany",pt,2023-11-17,9309
user_yo4lkmee,"Manchester, UK",ar,31/08/2023,32712
user_jslp3nh3,"Paris, France",en,08/01/2023,30660
user_057ka83m,"London, UK",zh,2023-02-11,17153
user_r4gwis5e,"Shanghai, China",en,2023-03-03,33811
user_skyrjwge,"Chicago, USA",en,25-Sep-2023,17357
user_fti0may3,Singapore,pt,2023-11-09,10669
user_fy2c6qch,"Sydney, Australia",pt,2023-11-10,31362
user_ckgkg0br,"São Paulo, Brazil",zh,2023-02-23,16387
user_7kpmi03n,"Melbourne, Australia",ru,2023-11-02,13017
user_3nei5tio,"Rome, Italy",ja,06-06-2023,27945
user_katitpu9,"Beijing, China",es,06-Feb-2023,23216
user_2u0k09bc,"Cairo, Egypt",zh,2023-05-25,11290
user_kgeoogvo,"Chicago, USA",en,2023-10-14,39218
user_8bslqcpy,"Madrid, Spain",ru,2023-10-26,2241
user_66dni3rx,"Manchester, UK",en,2023-08-08,2893
user_pp3dgfak,"Seoul, South Korea",es,01-Oct-2023,-109.0
user_yq0h1va1,"Rome, Italy",pt,2023-09-07,2141
user_5lj3201e,"Seoul, South Korea",pt,2023-09-07,42837
user_pylae2xz,"Beijing, China",es,2023-06-21,16830
user_5k81svok,"Milan, Italy",de,19/08/2023,8124
user_0j9a7ict,"Beijing, China",de,01-Dec-2023,23031
user_go5yskr8,"Paris, France",pt,06-16-2023,4905
user_rn59h12j,"Houston, USA",hi,08-25-2023,16164
user_j6qnfn0n,"Sydney, Australia",fr,2023-07-16,10053
user_z5ziquih,"Rio de Janeiro, Brazil",ja,11-02-2023,23506
user_7vqtuvea,"  Milan, Italy  ",fr,2023-04-29,29183
user_2ezvg796,"Delhi, India",ja,2023-09-15,34913
user_k7t9n4sb,"Rio de Janeiro, Brazil",hi,02-25-2023,4767
user_do09zsgf,"Houston, USA",en,2023-01-12,1914
user_oc9vdes0,"Beijing, China",zh,06-Sep-2023,18354
user_d9971ba6,"Dubai, UAE",hi,27/03/2023,13964
user_wtde66xv,"Madrid, Spain",fr,28/01/2023,35473
user_jh1l7apn,"Lyon, France",de,2023-12-02,13388
user_8ryfkdug,"Mumbai, India",hi,2023-08-07,34796
user_8relh62l,"Munich, Germany",zh,2023-08-19,1151
user_04aagjp1,"Rio de Janeiro, Brazil",de,31/10/2023,19180
user_ul3t78j5,"Manchester, UK",ar,03-Nov-2023,49287
user_1uapaxtp,"Cairo, Egypt",,16/10/2023,36015
user_6ky50rd4,"Melbourne, Australia",de,31/01/2023,42295
user_8svvq28t,"tokyo, japan",de,07-11-2023,14540
